{"rouge1": {"low": {"precision": 0.32746715243865937, "recall": 0.37997071532785237, "f1-measure": 0.33855436583654736}, "mid": {"precision": 0.3485204031678181, "recall": 0.39340490018663465, "f1-measure": 0.34998929367468135}, "high": {"precision": 0.3703039391476202, "recall": 0.40611028671482363, "f1-measure": 0.36089554580385647}}, "rouge2": {"low": {"precision": 0.06990542967537056, "recall": 0.07746236417415021, "f1-measure": 0.07001822561111172}, "mid": {"precision": 0.07720463825219151, "recall": 0.0838943099493733, "f1-measure": 0.07618256830654174}, "high": {"precision": 0.08644130673856114, "recall": 0.0900277272456079, "f1-measure": 0.08267007797931153}}, "rougeL": {"low": {"precision": 0.16829131613013676, "recall": 0.1970225182145808, "f1-measure": 0.17502942111891007}, "mid": {"precision": 0.17830493533513908, "recall": 0.20531121185894874, "f1-measure": 0.18046774539398303}, "high": {"precision": 0.1888967795315957, "recall": 0.2136494135762562, "f1-measure": 0.18588598386459676}}, "rougeLsum": {"low": {"precision": 0.19144103718031266, "recall": 0.22576979174279801, "f1-measure": 0.19930692650642454}, "mid": {"precision": 0.205814196161648, "recall": 0.23569296147549507, "f1-measure": 0.2077709524812103}, "high": {"precision": 0.2201910177953184, "recall": 0.24737637482629607, "f1-measure": 0.21666476475910815}}}