{"rouge1": {"low": {"precision": 0.41554620389392294, "recall": 0.3928239686520248, "f1-measure": 0.3929719530662827}, "mid": {"precision": 0.4262666463574436, "recall": 0.4044842223493449, "f1-measure": 0.399355119532402}, "high": {"precision": 0.43818882773467804, "recall": 0.41592916917405187, "f1-measure": 0.40594747784585566}}, "rouge2": {"low": {"precision": 0.09828232690867751, "recall": 0.09198299360653084, "f1-measure": 0.09083932874634706}, "mid": {"precision": 0.1033259023821875, "recall": 0.09746082538980042, "f1-measure": 0.0950082438958609}, "high": {"precision": 0.10843373339996683, "recall": 0.10317073636776204, "f1-measure": 0.09918024494486978}}, "rougeL": {"low": {"precision": 0.20647431064125532, "recall": 0.2067026293256236, "f1-measure": 0.19985847664394543}, "mid": {"precision": 0.2121900503610828, "recall": 0.21421304306891525, "f1-measure": 0.2037872759191383}, "high": {"precision": 0.21862431058551865, "recall": 0.22143825895455882, "f1-measure": 0.2081290812852698}}, "rougeLsum": {"low": {"precision": 0.2860265863931164, "recall": 0.2634430566207521, "f1-measure": 0.26323909358401637}, "mid": {"precision": 0.2964746510592875, "recall": 0.2726116843248644, "f1-measure": 0.26865797729942825}, "high": {"precision": 0.3072914538992786, "recall": 0.2811659300777257, "f1-measure": 0.2741181778276046}}}