{"rouge1": {"low": {"precision": 0.31312852204864655, "recall": 0.45721087929923876, "f1-measure": 0.3620815531186583}, "mid": {"precision": 0.3326474718185072, "recall": 0.47084908437713313, "f1-measure": 0.37548917961544326}, "high": {"precision": 0.351222411054466, "recall": 0.4828472619684456, "f1-measure": 0.38894648546667854}}, "rouge2": {"low": {"precision": 0.06593025072907178, "recall": 0.09430239755007862, "f1-measure": 0.07520083558394788}, "mid": {"precision": 0.07199644621083251, "recall": 0.10146877041854341, "f1-measure": 0.08094931330040939}, "high": {"precision": 0.07884855162896612, "recall": 0.10886319511033771, "f1-measure": 0.08711831311243246}}, "rougeL": {"low": {"precision": 0.1500678853784684, "recall": 0.2218014435923114, "f1-measure": 0.17487726874140594}, "mid": {"precision": 0.157912896358411, "recall": 0.23097552640868693, "f1-measure": 0.18003061564220274}, "high": {"precision": 0.16512376116190075, "recall": 0.2406230739866579, "f1-measure": 0.18497521869855849}}, "rougeLsum": {"low": {"precision": 0.18284986459887317, "recall": 0.26737232583375276, "f1-measure": 0.21068003178259317}, "mid": {"precision": 0.19381033011597903, "recall": 0.27678381705709976, "f1-measure": 0.2190014976449168}, "high": {"precision": 0.20594784465765373, "recall": 0.28768647374206285, "f1-measure": 0.22760156441006232}}}