{"rouge1": {"low": {"precision": 0.41633630828871515, "recall": 0.2856017999727178, "f1-measure": 0.3220747558009477}, "mid": {"precision": 0.42787940683386966, "recall": 0.2995265760996314, "f1-measure": 0.3332755984514213}, "high": {"precision": 0.4398866769080103, "recall": 0.3142737214405542, "f1-measure": 0.3439762472721382}}, "rouge2": {"low": {"precision": 0.09633891470417515, "recall": 0.06324600650057964, "f1-measure": 0.07141029684817642}, "mid": {"precision": 0.10352975799629431, "recall": 0.06785280150034971, "f1-measure": 0.07552602982809989}, "high": {"precision": 0.11148889262965853, "recall": 0.07265756384593257, "f1-measure": 0.07993017976885519}}, "rougeL": {"low": {"precision": 0.23456380550539316, "recall": 0.16477142408167053, "f1-measure": 0.18257962425588553}, "mid": {"precision": 0.24345842419630115, "recall": 0.1722309162123944, "f1-measure": 0.18799779871111685}, "high": {"precision": 0.2528190113048076, "recall": 0.17970187775379812, "f1-measure": 0.19309498936769176}}, "rougeLsum": {"low": {"precision": 0.28390025812069125, "recall": 0.18918318079176744, "f1-measure": 0.2133241260359987}, "mid": {"precision": 0.2939963263355002, "recall": 0.19899285744221157, "f1-measure": 0.22036788868196855}, "high": {"precision": 0.30632767860390603, "recall": 0.2077271079623974, "f1-measure": 0.22687519788545826}}}