{"rouge1": {"low": {"precision": 0.39429443987853496, "recall": 0.36318910486414585, "f1-measure": 0.3643302582383336}, "mid": {"precision": 0.4067964938927189, "recall": 0.3735572998780762, "f1-measure": 0.37043896770022045}, "high": {"precision": 0.41935009541933893, "recall": 0.38471458087104243, "f1-measure": 0.3772550769182224}}, "rouge2": {"low": {"precision": 0.09354353535919176, "recall": 0.08743523462337456, "f1-measure": 0.08440652675801318}, "mid": {"precision": 0.09807472236377318, "recall": 0.09258436323319942, "f1-measure": 0.08816366759766314}, "high": {"precision": 0.10319807979656921, "recall": 0.09772031775160732, "f1-measure": 0.0919225037098177}}, "rougeL": {"low": {"precision": 0.20698229278376926, "recall": 0.20366894721472598, "f1-measure": 0.19556528671639825}, "mid": {"precision": 0.21373470528159846, "recall": 0.21111281615545896, "f1-measure": 0.19971075311732134}, "high": {"precision": 0.22107360537414375, "recall": 0.21784878561235999, "f1-measure": 0.2032721989156932}}, "rougeLsum": {"low": {"precision": 0.25606878616785556, "recall": 0.23023611515412742, "f1-measure": 0.23008125721818007}, "mid": {"precision": 0.2677356332579549, "recall": 0.2380115259715243, "f1-measure": 0.23496966085907128}, "high": {"precision": 0.2785418144486844, "recall": 0.2459124404502413, "f1-measure": 0.24007730519643825}}}