{"rouge1": {"low": {"precision": 0.38532110604548503, "recall": 0.34918201891020756, "f1-measure": 0.3556546918522676}, "mid": {"precision": 0.3954100870779249, "recall": 0.3619032334224738, "f1-measure": 0.36332959627727823}, "high": {"precision": 0.40523329210165904, "recall": 0.3741302741851016, "f1-measure": 0.37065740768018396}}, "rouge2": {"low": {"precision": 0.08209959030883807, "recall": 0.07519732174633631, "f1-measure": 0.07450854237976966}, "mid": {"precision": 0.08667255372605397, "recall": 0.07997707055128314, "f1-measure": 0.07851365998959103}, "high": {"precision": 0.09180486831738727, "recall": 0.0859737091867129, "f1-measure": 0.08294818786058122}}, "rougeL": {"low": {"precision": 0.19987839447295216, "recall": 0.19435215902180808, "f1-measure": 0.18918886729002252}, "mid": {"precision": 0.2053474077639263, "recall": 0.20172868313082162, "f1-measure": 0.1930777344621341}, "high": {"precision": 0.21125058305603162, "recall": 0.20854044044199005, "f1-measure": 0.1968340739920543}}, "rougeLsum": {"low": {"precision": 0.2506903698027385, "recall": 0.22643304098666905, "f1-measure": 0.2275489848268937}, "mid": {"precision": 0.26011150528746574, "recall": 0.23542705089353533, "f1-measure": 0.23323737269771183}, "high": {"precision": 0.2703740575400965, "recall": 0.24401396463407748, "f1-measure": 0.23924697897214384}}}