{"rouge1": {"low": {"precision": 0.36106102928465955, "recall": 0.393440645469014, "f1-measure": 0.36667741075796506}, "mid": {"precision": 0.37026580434683887, "recall": 0.4041930173338366, "f1-measure": 0.37197755809671695}, "high": {"precision": 0.3808484642130512, "recall": 0.41495670712028804, "f1-measure": 0.3771322302391915}}, "rouge2": {"low": {"precision": 0.07198501021156817, "recall": 0.08556984446261012, "f1-measure": 0.07459426838341505}, "mid": {"precision": 0.0750723466762328, "recall": 0.09011457475283377, "f1-measure": 0.07743601104977894}, "high": {"precision": 0.07849793669970154, "recall": 0.09497537051234775, "f1-measure": 0.08037277993881556}}, "rougeL": {"low": {"precision": 0.17404163767384742, "recall": 0.21031741845974644, "f1-measure": 0.18464367013606783}, "mid": {"precision": 0.1786315550349272, "recall": 0.2177540460388086, "f1-measure": 0.18734957780674527}, "high": {"precision": 0.18352997849747674, "recall": 0.2247770860522801, "f1-measure": 0.1902233196845417}}, "rougeLsum": {"low": {"precision": 0.25020778967117124, "recall": 0.2712795094709697, "f1-measure": 0.25041697691486015}, "mid": {"precision": 0.25970859843362437, "recall": 0.27968977147975665, "f1-measure": 0.2549155001251897}, "high": {"precision": 0.2706343536594521, "recall": 0.2880491059654072, "f1-measure": 0.2599385713008428}}}