{"rouge1": {"low": {"precision": 0.31597367591773895, "recall": 0.43056836551545774, "f1-measure": 0.35436739164341174}, "mid": {"precision": 0.33474656579408246, "recall": 0.44543994342796456, "f1-measure": 0.3671267792286032}, "high": {"precision": 0.35382757693045314, "recall": 0.46017804056765144, "f1-measure": 0.37982851165333775}}, "rouge2": {"low": {"precision": 0.06219901918814801, "recall": 0.08395827447833913, "f1-measure": 0.06885794049375697}, "mid": {"precision": 0.06834400845123453, "recall": 0.09048379591501089, "f1-measure": 0.07459325654937929}, "high": {"precision": 0.07429163272209531, "recall": 0.09737829070983361, "f1-measure": 0.08027039863505007}}, "rougeL": {"low": {"precision": 0.15277885865606072, "recall": 0.20847473916247888, "f1-measure": 0.17119068119670666}, "mid": {"precision": 0.16090246257073829, "recall": 0.2170405534144339, "f1-measure": 0.17698220751683796}, "high": {"precision": 0.16888204900030238, "recall": 0.22678456337768887, "f1-measure": 0.1821144366192531}}, "rougeLsum": {"low": {"precision": 0.1683447299535443, "recall": 0.22834960452968664, "f1-measure": 0.18825128319072404}, "mid": {"precision": 0.1788921170513333, "recall": 0.23928104691289298, "f1-measure": 0.19599677675582594}, "high": {"precision": 0.18903380786462262, "recall": 0.25002505909999073, "f1-measure": 0.20413597664120803}}}