{"rouge1": {"low": {"precision": 0.3254857243209116, "recall": 0.3819202507060639, "f1-measure": 0.3374296094432935}, "mid": {"precision": 0.34592495091648834, "recall": 0.3971798903955861, "f1-measure": 0.3491851131966365}, "high": {"precision": 0.36684025637964796, "recall": 0.4105218347857256, "f1-measure": 0.3608013596413271}}, "rouge2": {"low": {"precision": 0.06756425237306901, "recall": 0.07802582667532615, "f1-measure": 0.06886450797617179}, "mid": {"precision": 0.0753636739704297, "recall": 0.08465820431411497, "f1-measure": 0.07522997059321297}, "high": {"precision": 0.08305065844233957, "recall": 0.09158171788209452, "f1-measure": 0.08179052107823036}}, "rougeL": {"low": {"precision": 0.16734676833303017, "recall": 0.198513433046689, "f1-measure": 0.17495393513865068}, "mid": {"precision": 0.17709791376022815, "recall": 0.20771080775089634, "f1-measure": 0.1800709412974304}, "high": {"precision": 0.18661507517980083, "recall": 0.21699188183626136, "f1-measure": 0.18497164390308088}}, "rougeLsum": {"low": {"precision": 0.19452101367668603, "recall": 0.23139685402586724, "f1-measure": 0.20151662051457622}, "mid": {"precision": 0.20684926907066192, "recall": 0.2442221499745972, "f1-measure": 0.21122065972725984}, "high": {"precision": 0.2204189112069292, "recall": 0.25679669628518265, "f1-measure": 0.22003385902759612}}}