{"rouge1": {"low": {"precision": 0.3126219340106094, "recall": 0.38421970967498736, "f1-measure": 0.3359148916582054}, "mid": {"precision": 0.32134530895775454, "recall": 0.3935374579059128, "f1-measure": 0.34079520967083254}, "high": {"precision": 0.3308035776508325, "recall": 0.4017955026941717, "f1-measure": 0.3458266825154672}}, "rouge2": {"low": {"precision": 0.051122236093813195, "recall": 0.07180818993409284, "f1-measure": 0.05690852972697776}, "mid": {"precision": 0.05334674069317748, "recall": 0.07527497811545347, "f1-measure": 0.05891451302654015}, "high": {"precision": 0.05559619915400929, "recall": 0.07930674404659431, "f1-measure": 0.0611079036209494}}, "rougeL": {"low": {"precision": 0.1510742449462397, "recall": 0.20497943996359247, "f1-measure": 0.1685423757109408}, "mid": {"precision": 0.15508910386621338, "recall": 0.2118246870902396, "f1-measure": 0.17087837732481037}, "high": {"precision": 0.15939073243318858, "recall": 0.21921030968036415, "f1-measure": 0.1731708303975789}}, "rougeLsum": {"low": {"precision": 0.2201026469577941, "recall": 0.27155672893572935, "f1-measure": 0.23314615317410992}, "mid": {"precision": 0.22860904504729024, "recall": 0.2791220308855235, "f1-measure": 0.23777278989762266}, "high": {"precision": 0.23812378009383361, "recall": 0.28644052126269437, "f1-measure": 0.24260635678477616}}}