{"rouge1": {"low": {"precision": 0.31318722163545637, "recall": 0.42355285610961196, "f1-measure": 0.3474249288675551}, "mid": {"precision": 0.3326472501158019, "recall": 0.4393022719257572, "f1-measure": 0.35995534652136585}, "high": {"precision": 0.3504595138996246, "recall": 0.4547956409439509, "f1-measure": 0.3719864252662327}}, "rouge2": {"low": {"precision": 0.062239150314968794, "recall": 0.08101593730045653, "f1-measure": 0.06753742436141316}, "mid": {"precision": 0.06895100931700898, "recall": 0.08830550311676277, "f1-measure": 0.0735284692111404}, "high": {"precision": 0.07596243860031458, "recall": 0.09613833512188708, "f1-measure": 0.08014329721790694}}, "rougeL": {"low": {"precision": 0.1503811812835385, "recall": 0.2045768780265234, "f1-measure": 0.16688623897364097}, "mid": {"precision": 0.15900517276586598, "recall": 0.21237366703164634, "f1-measure": 0.17260821617575062}, "high": {"precision": 0.16804815182655145, "recall": 0.22103037751421611, "f1-measure": 0.17772421202172145}}, "rougeLsum": {"low": {"precision": 0.16561113983266282, "recall": 0.22452870420685667, "f1-measure": 0.1834196920839745}, "mid": {"precision": 0.17687328286729379, "recall": 0.23402074781515575, "f1-measure": 0.19098559134682735}, "high": {"precision": 0.1886799312549369, "recall": 0.24375856596577739, "f1-measure": 0.1988503460393619}}}