{"rouge1": {"low": {"precision": 0.4101948812879951, "recall": 0.3811554555207051, "f1-measure": 0.38505367183411343}, "mid": {"precision": 0.421138973880672, "recall": 0.39258258136253277, "f1-measure": 0.39238837449351327}, "high": {"precision": 0.43226510048811245, "recall": 0.40431955188028695, "f1-measure": 0.40026270334593544}}, "rouge2": {"low": {"precision": 0.09570782323012357, "recall": 0.08919988935445029, "f1-measure": 0.08790697056861643}, "mid": {"precision": 0.10123516264612689, "recall": 0.0943797581388143, "f1-measure": 0.09251403149297281}, "high": {"precision": 0.10695508009729723, "recall": 0.0995368547598731, "f1-measure": 0.09695969243307384}}, "rougeL": {"low": {"precision": 0.2062106263950023, "recall": 0.20171110499272274, "f1-measure": 0.19692133152614094}, "mid": {"precision": 0.21294621856849777, "recall": 0.20913041638656987, "f1-measure": 0.2015740550180322}, "high": {"precision": 0.21910187831945743, "recall": 0.21641389460785193, "f1-measure": 0.2061733568847589}}, "rougeLsum": {"low": {"precision": 0.2822640002213687, "recall": 0.25560302916316646, "f1-measure": 0.2586756373995462}, "mid": {"precision": 0.29175306651933197, "recall": 0.26486011025864564, "f1-measure": 0.26434215664444294}, "high": {"precision": 0.30233411242112046, "recall": 0.2731555111092713, "f1-measure": 0.26980709036352263}}}