{"rouge1": {"low": {"precision": 0.4160744553289421, "recall": 0.3809217820393601, "f1-measure": 0.38497687023969906}, "mid": {"precision": 0.4268942922994266, "recall": 0.3937541084217645, "f1-measure": 0.39292065405063353}, "high": {"precision": 0.4394069801027102, "recall": 0.4057522290297621, "f1-measure": 0.40056019215569216}}, "rouge2": {"low": {"precision": 0.09888174495256957, "recall": 0.09443567941221469, "f1-measure": 0.09069158017049604}, "mid": {"precision": 0.10432965880722511, "recall": 0.10054120922234891, "f1-measure": 0.09533059042002973}, "high": {"precision": 0.11063107035241174, "recall": 0.10673624633982043, "f1-measure": 0.100282501459248}}, "rougeL": {"low": {"precision": 0.20791026964037088, "recall": 0.20355550637880462, "f1-measure": 0.1975244435099483}, "mid": {"precision": 0.21452371349417867, "recall": 0.21156253576513318, "f1-measure": 0.20193724684982403}, "high": {"precision": 0.22124199003334533, "recall": 0.21972172748651173, "f1-measure": 0.20704005657863403}}, "rougeLsum": {"low": {"precision": 0.28573875022581363, "recall": 0.2543851789242249, "f1-measure": 0.25608010271365644}, "mid": {"precision": 0.2959215824658149, "recall": 0.26384835080406555, "f1-measure": 0.2618906715989531}, "high": {"precision": 0.30705361066714026, "recall": 0.2737442879987756, "f1-measure": 0.26779516869653297}}}