{"rouge1": {"low": {"precision": 0.3850125388845601, "recall": 0.4178836929489784, "f1-measure": 0.3908179097825701}, "mid": {"precision": 0.39580094785755854, "recall": 0.42782187054779647, "f1-measure": 0.3965250033002877}, "high": {"precision": 0.40713916029787756, "recall": 0.43894150148796585, "f1-measure": 0.4020822686190535}}, "rouge2": {"low": {"precision": 0.08471852695158892, "recall": 0.09961788590480565, "f1-measure": 0.0875996031345212}, "mid": {"precision": 0.08864474348453495, "recall": 0.10487348857706642, "f1-measure": 0.09113174824984}, "high": {"precision": 0.09287676833974233, "recall": 0.11007217343649765, "f1-measure": 0.0946446241953881}}, "rougeL": {"low": {"precision": 0.1845319484593892, "recall": 0.2207947485134104, "f1-measure": 0.1948307365827609}, "mid": {"precision": 0.18983795633507744, "recall": 0.22867624464664882, "f1-measure": 0.19803051999609939}, "high": {"precision": 0.19521133690124406, "recall": 0.2355356967173127, "f1-measure": 0.20145962969118933}}, "rougeLsum": {"low": {"precision": 0.2598323575637611, "recall": 0.27749732680261024, "f1-measure": 0.258347228898772}, "mid": {"precision": 0.27063571070243103, "recall": 0.2853891131952767, "f1-measure": 0.2636233907873974}, "high": {"precision": 0.2813012838677999, "recall": 0.2934511825563346, "f1-measure": 0.26879591818707527}}}