{"rouge1": {"low": {"precision": 0.2907771603174941, "recall": 0.4233239406969014, "f1-measure": 0.3285980522288916}, "mid": {"precision": 0.308705576507759, "recall": 0.4398562788139989, "f1-measure": 0.3428024902815624}, "high": {"precision": 0.32756808367244766, "recall": 0.45709592731482296, "f1-measure": 0.3560044612300144}}, "rouge2": {"low": {"precision": 0.058972211138715105, "recall": 0.08566591341098048, "f1-measure": 0.06672624976331819}, "mid": {"precision": 0.0653447530824221, "recall": 0.09222403530607143, "f1-measure": 0.07222413302981329}, "high": {"precision": 0.07228034416369772, "recall": 0.09904837865531109, "f1-measure": 0.077894550676556}}, "rougeL": {"low": {"precision": 0.14236775605319155, "recall": 0.2095700004839559, "f1-measure": 0.16218187165983586}, "mid": {"precision": 0.1509037035010335, "recall": 0.21983476137309288, "f1-measure": 0.16812866247263186}, "high": {"precision": 0.15955519229731904, "recall": 0.23068261136483673, "f1-measure": 0.1731714572476289}}, "rougeLsum": {"low": {"precision": 0.17144455952578352, "recall": 0.25076532819802805, "f1-measure": 0.19441642219768424}, "mid": {"precision": 0.18245935912865224, "recall": 0.2636528118437749, "f1-measure": 0.20284826052384436}, "high": {"precision": 0.19422545438958513, "recall": 0.27601343069296314, "f1-measure": 0.2125232209866425}}}