{"rouge1": {"low": {"precision": 0.31635296153330095, "recall": 0.5120138760677378, "f1-measure": 0.3827495021316255}, "mid": {"precision": 0.33232815453723097, "recall": 0.525906836092189, "f1-measure": 0.3952454385132313}, "high": {"precision": 0.34762658729931384, "recall": 0.5406480457227818, "f1-measure": 0.40820916551820724}}, "rouge2": {"low": {"precision": 0.06956080669671363, "recall": 0.11227649619879677, "f1-measure": 0.0834358814191312}, "mid": {"precision": 0.07570016704836446, "recall": 0.12064628527673577, "f1-measure": 0.09013103037530326}, "high": {"precision": 0.08206938697286806, "recall": 0.13006783633948135, "f1-measure": 0.09660703261210203}}, "rougeL": {"low": {"precision": 0.14795568559647013, "recall": 0.24109117382881368, "f1-measure": 0.17948363964517472}, "mid": {"precision": 0.15507879452312168, "recall": 0.25088014702298256, "f1-measure": 0.18565661342244555}, "high": {"precision": 0.16253697867751138, "recall": 0.26312094788158635, "f1-measure": 0.19198311022257178}}, "rougeLsum": {"low": {"precision": 0.17931477706464627, "recall": 0.2910526138706193, "f1-measure": 0.21704054992497665}, "mid": {"precision": 0.18911864878569162, "recall": 0.3025606033528634, "f1-measure": 0.22500419960232}, "high": {"precision": 0.19891620867997684, "recall": 0.31459579860698994, "f1-measure": 0.2330279409434668}}}