{"rouge1": {"low": {"precision": 0.3917017902405279, "recall": 0.34165284642077964, "f1-measure": 0.3534335706270651}, "mid": {"precision": 0.4103113560564748, "recall": 0.3575075297925684, "f1-measure": 0.3659760771480154}, "high": {"precision": 0.43000549067492405, "recall": 0.3730229058329868, "f1-measure": 0.37801310908206087}}, "rouge2": {"low": {"precision": 0.08334277327134042, "recall": 0.07278469386070804, "f1-measure": 0.07465018688637555}, "mid": {"precision": 0.09209215503651774, "recall": 0.07950651833341055, "f1-measure": 0.08177564879692173}, "high": {"precision": 0.10148491675503855, "recall": 0.0870952327794079, "f1-measure": 0.08990981678805257}}, "rougeL": {"low": {"precision": 0.20081872728022399, "recall": 0.17568857552990316, "f1-measure": 0.18182844402186904}, "mid": {"precision": 0.21077341355357737, "recall": 0.1844363989216529, "f1-measure": 0.18747973187569544}, "high": {"precision": 0.22077177446953394, "recall": 0.1939936730388224, "f1-measure": 0.19383280204281034}}, "rougeLsum": {"low": {"precision": 0.2322100044587646, "recall": 0.20200604424115853, "f1-measure": 0.20817773328471806}, "mid": {"precision": 0.24431083466630088, "recall": 0.21249274569503024, "f1-measure": 0.21702552254649218}, "high": {"precision": 0.2577433215047118, "recall": 0.22282505594380572, "f1-measure": 0.22656511629475998}}}