{"rouge1": {"low": {"precision": 0.29492763665339367, "recall": 0.45343623100660746, "f1-measure": 0.34456722379471066}, "mid": {"precision": 0.3132759641554281, "recall": 0.4681175692770736, "f1-measure": 0.35823821040690995}, "high": {"precision": 0.33208390729866677, "recall": 0.4852033483726018, "f1-measure": 0.371923945109346}}, "rouge2": {"low": {"precision": 0.06280334037701436, "recall": 0.09525529123466275, "f1-measure": 0.07276861644403958}, "mid": {"precision": 0.06853107357269639, "recall": 0.10249518081933284, "f1-measure": 0.07823580794852768}, "high": {"precision": 0.07531269906850441, "recall": 0.11024480333024128, "f1-measure": 0.08463710749529718}}, "rougeL": {"low": {"precision": 0.1417469067042933, "recall": 0.2210747359312299, "f1-measure": 0.16730566971094624}, "mid": {"precision": 0.1498149931967958, "recall": 0.23053000023657788, "f1-measure": 0.1727193274452351}, "high": {"precision": 0.1573396072207179, "recall": 0.24022186073654803, "f1-measure": 0.17766250797294852}}, "rougeLsum": {"low": {"precision": 0.17430072942159477, "recall": 0.269103756014606, "f1-measure": 0.20431000765989119}, "mid": {"precision": 0.18474758216105464, "recall": 0.28177505307757605, "f1-measure": 0.212511274531326}, "high": {"precision": 0.19630285539307973, "recall": 0.2949316461912308, "f1-measure": 0.22138192701625867}}}