{"rouge1": {"low": {"precision": 0.2943773192273481, "recall": 0.4329420968713991, "f1-measure": 0.3348635562453173}, "mid": {"precision": 0.31286621090664646, "recall": 0.44817450598366937, "f1-measure": 0.34702660053312817}, "high": {"precision": 0.33197260768290293, "recall": 0.46487356077997843, "f1-measure": 0.35987116638138794}}, "rouge2": {"low": {"precision": 0.05994402914869713, "recall": 0.08701150457622832, "f1-measure": 0.0673105438698231}, "mid": {"precision": 0.06613710956460678, "recall": 0.09374832314465024, "f1-measure": 0.0725734294818004}, "high": {"precision": 0.07285353553756638, "recall": 0.1006040777696722, "f1-measure": 0.07784316891066242}}, "rougeL": {"low": {"precision": 0.14071011196202507, "recall": 0.20715293563926288, "f1-measure": 0.16019512996286794}, "mid": {"precision": 0.14876730399393276, "recall": 0.21618370843654522, "f1-measure": 0.16513181460021528}, "high": {"precision": 0.15786560064043723, "recall": 0.2252691371322209, "f1-measure": 0.17023116507681668}}, "rougeLsum": {"low": {"precision": 0.1739900648268423, "recall": 0.25647300385149413, "f1-measure": 0.19745261624087435}, "mid": {"precision": 0.1847054371863731, "recall": 0.2679611170424976, "f1-measure": 0.20611075115482952}, "high": {"precision": 0.1965356110111782, "recall": 0.2802154100582232, "f1-measure": 0.214849805333172}}}