{"rouge1": {"low": {"precision": 0.26232021272414324, "recall": 0.5527897784780826, "f1-measure": 0.34258839111768763}, "mid": {"precision": 0.2806685059017715, "recall": 0.5681187060451636, "f1-measure": 0.35961241364347685}, "high": {"precision": 0.30089200200519156, "recall": 0.5819965222168931, "f1-measure": 0.3764944899265291}}, "rouge2": {"low": {"precision": 0.0695360426081783, "recall": 0.148411937361046, "f1-measure": 0.09110603488330206}, "mid": {"precision": 0.07559965317913228, "recall": 0.15723634579751325, "f1-measure": 0.09755282755043948}, "high": {"precision": 0.08178106302061941, "recall": 0.16655260588158347, "f1-measure": 0.1038180628269337}}, "rougeL": {"low": {"precision": 0.1297211948134704, "recall": 0.2789432096079633, "f1-measure": 0.1715185158417657}, "mid": {"precision": 0.1378250864227814, "recall": 0.28928080946852686, "f1-measure": 0.17818309730798004}, "high": {"precision": 0.14504085940071557, "recall": 0.30106706271346134, "f1-measure": 0.1842963943808459}}, "rougeLsum": {"low": {"precision": 0.1658899232920151, "recall": 0.3544932619600915, "f1-measure": 0.21765303596753396}, "mid": {"precision": 0.17703497059166073, "recall": 0.3681401110179593, "f1-measure": 0.22848584861988125}, "high": {"precision": 0.1890405647891114, "recall": 0.38331949457651787, "f1-measure": 0.23932914484040904}}}