{"rouge1": {"low": {"precision": 0.3886200330896088, "recall": 0.3617228150576498, "f1-measure": 0.3654220230446247}, "mid": {"precision": 0.4083313865352844, "recall": 0.3752829349507375, "f1-measure": 0.37706584408401256}, "high": {"precision": 0.4282321714593069, "recall": 0.3890241930809002, "f1-measure": 0.3899358460990081}}, "rouge2": {"low": {"precision": 0.08697951341638947, "recall": 0.07837020808472932, "f1-measure": 0.0799173837547352}, "mid": {"precision": 0.09491063375180961, "recall": 0.08442080696855447, "f1-measure": 0.08608518954844459}, "high": {"precision": 0.10477964706008491, "recall": 0.09103208560075188, "f1-measure": 0.09350086276794432}}, "rougeL": {"low": {"precision": 0.19576458756292786, "recall": 0.18389127101401903, "f1-measure": 0.18539132725175492}, "mid": {"precision": 0.20584119687386176, "recall": 0.19181101334217032, "f1-measure": 0.1908014777517103}, "high": {"precision": 0.21661948077131055, "recall": 0.19998624922959965, "f1-measure": 0.1962651713957805}}, "rougeLsum": {"low": {"precision": 0.2263010908282967, "recall": 0.21072589481564385, "f1-measure": 0.21294678340683418}, "mid": {"precision": 0.23959716638474549, "recall": 0.21885257980725537, "f1-measure": 0.22016346295603637}, "high": {"precision": 0.2532096158432351, "recall": 0.2284534408175172, "f1-measure": 0.22806244640278234}}}