{"rouge1": {"low": {"precision": 0.3894698452224446, "recall": 0.42876927653764624, "f1-measure": 0.3987096291547235}, "mid": {"precision": 0.40058017973050447, "recall": 0.4388765940922221, "f1-measure": 0.4032264830525554}, "high": {"precision": 0.4134840827172306, "recall": 0.4483442345753559, "f1-measure": 0.4081069805158745}}, "rouge2": {"low": {"precision": 0.08816574290203333, "recall": 0.101780097309723, "f1-measure": 0.09053798159692757}, "mid": {"precision": 0.09216594938179867, "recall": 0.10657627828856314, "f1-measure": 0.09353436134777893}, "high": {"precision": 0.09581411557887946, "recall": 0.11178212298903394, "f1-measure": 0.09630318160605378}}, "rougeL": {"low": {"precision": 0.18659672054831783, "recall": 0.22006631250417213, "f1-measure": 0.19616515755893454}, "mid": {"precision": 0.19215804500690425, "recall": 0.22654922360708105, "f1-measure": 0.198637115645802}, "high": {"precision": 0.19805817012553942, "recall": 0.23276546328825412, "f1-measure": 0.20110717133474676}}, "rougeLsum": {"low": {"precision": 0.25640798456860614, "recall": 0.28007774345780995, "f1-measure": 0.2571302691869529}, "mid": {"precision": 0.26787441486976316, "recall": 0.2875572605449817, "f1-measure": 0.2622953690253169}, "high": {"precision": 0.27988959768279614, "recall": 0.2947098219004167, "f1-measure": 0.26733128785405924}}}