{"rouge1": {"low": {"precision": 0.3573044366295556, "recall": 0.36854916796330234, "f1-measure": 0.3514264077545862}, "mid": {"precision": 0.3672961706044233, "recall": 0.3800236461816477, "f1-measure": 0.35758905190894086}, "high": {"precision": 0.3771107880818271, "recall": 0.3917613923972907, "f1-measure": 0.3638850549491763}}, "rouge2": {"low": {"precision": 0.0737216020323867, "recall": 0.08307791373174386, "f1-measure": 0.074008707610014}, "mid": {"precision": 0.07743577679909974, "recall": 0.08791708680682715, "f1-measure": 0.07720580236089578}, "high": {"precision": 0.08076335337767716, "recall": 0.09322546167007331, "f1-measure": 0.08044267406950185}}, "rougeL": {"low": {"precision": 0.17914268505324632, "recall": 0.20368884074307517, "f1-measure": 0.18343899945635195}, "mid": {"precision": 0.1853239369295191, "recall": 0.21115931764256674, "f1-measure": 0.18666164727336826}, "high": {"precision": 0.19097811198986359, "recall": 0.2186540155775758, "f1-measure": 0.18968820112171647}}, "rougeLsum": {"low": {"precision": 0.24221170316613502, "recall": 0.24844901694191726, "f1-measure": 0.23355769091302608}, "mid": {"precision": 0.2516578718122095, "recall": 0.25685951465204204, "f1-measure": 0.23882918073065992}, "high": {"precision": 0.2614185991665819, "recall": 0.2656020203134434, "f1-measure": 0.24404803263533972}}}