{"rouge1": {"low": {"precision": 0.3584320490753991, "recall": 0.39155254828549796, "f1-measure": 0.3588686937181462}, "mid": {"precision": 0.37053318133391033, "recall": 0.4026015520509963, "f1-measure": 0.36575471212791455}, "high": {"precision": 0.3837377221961313, "recall": 0.4143687088158522, "f1-measure": 0.3719474722594061}}, "rouge2": {"low": {"precision": 0.08052690784668862, "recall": 0.09554519464722562, "f1-measure": 0.08171925246931504}, "mid": {"precision": 0.08516878068590045, "recall": 0.10067638444385671, "f1-measure": 0.08534703127621}, "high": {"precision": 0.0902943911315731, "recall": 0.10574612347395515, "f1-measure": 0.08947606213962042}}, "rougeL": {"low": {"precision": 0.18331429838774263, "recall": 0.2171200975773404, "f1-measure": 0.18966678097909512}, "mid": {"precision": 0.1905974300382079, "recall": 0.2244828293331949, "f1-measure": 0.19363114546664192}, "high": {"precision": 0.19756580833698675, "recall": 0.23212372783546847, "f1-measure": 0.19753051029510646}}, "rougeLsum": {"low": {"precision": 0.23774704816520428, "recall": 0.2623304131235548, "f1-measure": 0.23546043068116884}, "mid": {"precision": 0.24807622822777853, "recall": 0.2709822495014998, "f1-measure": 0.24114415402975858}, "high": {"precision": 0.25917228088751076, "recall": 0.2788682555151147, "f1-measure": 0.24703376718942455}}}