{"rouge1": {"low": {"precision": 0.3836389941350138, "recall": 0.4109759264060719, "f1-measure": 0.3883173162904031}, "mid": {"precision": 0.39540549769385375, "recall": 0.42181443755027365, "f1-measure": 0.3933558317820591}, "high": {"precision": 0.4079705767616847, "recall": 0.4317717431503747, "f1-measure": 0.3990811587230708}}, "rouge2": {"low": {"precision": 0.08193795377792856, "recall": 0.08840938827922168, "f1-measure": 0.08124007926512321}, "mid": {"precision": 0.08606326548498702, "recall": 0.09265371209357096, "f1-measure": 0.0841508671900644}, "high": {"precision": 0.0902969177632849, "recall": 0.09701806526572024, "f1-measure": 0.08754474173854154}}, "rougeL": {"low": {"precision": 0.182998912468397, "recall": 0.2064018030260148, "f1-measure": 0.18832889891387963}, "mid": {"precision": 0.18855877493285364, "recall": 0.21346960624714592, "f1-measure": 0.19135907639676683}, "high": {"precision": 0.19496882377635644, "recall": 0.22045042696684425, "f1-measure": 0.19439675660761083}}, "rougeLsum": {"low": {"precision": 0.2464612369041786, "recall": 0.25752349905161187, "f1-measure": 0.24281029464907242}, "mid": {"precision": 0.255680058865188, "recall": 0.26576821953799856, "f1-measure": 0.2475429170848158}, "high": {"precision": 0.2663788556156365, "recall": 0.2742606385012939, "f1-measure": 0.25226391969872836}}}