{"rouge1": {"low": {"precision": 0.3679230732875785, "recall": 0.4056518290107045, "f1-measure": 0.37558772097093895}, "mid": {"precision": 0.3791457138722134, "recall": 0.41593719873650303, "f1-measure": 0.3818502925408825}, "high": {"precision": 0.390379786187846, "recall": 0.42584137307303316, "f1-measure": 0.38820233999663234}}, "rouge2": {"low": {"precision": 0.08094583825436742, "recall": 0.09659526331978541, "f1-measure": 0.08358039242894487}, "mid": {"precision": 0.08492486647560496, "recall": 0.10171520422101094, "f1-measure": 0.08714341924111006}, "high": {"precision": 0.08907242685518409, "recall": 0.10689045207705612, "f1-measure": 0.0905934742888068}}, "rougeL": {"low": {"precision": 0.18665343615062077, "recall": 0.21295251664892678, "f1-measure": 0.1923012735872402}, "mid": {"precision": 0.1918774333970069, "recall": 0.21998793095168362, "f1-measure": 0.19536862572316713}, "high": {"precision": 0.19808513657706414, "recall": 0.22700671760704147, "f1-measure": 0.19825397926703994}}, "rougeLsum": {"low": {"precision": 0.2555601806530235, "recall": 0.2751161284664918, "f1-measure": 0.2534875761613616}, "mid": {"precision": 0.2663648151117384, "recall": 0.28276209876987285, "f1-measure": 0.25903094860386977}, "high": {"precision": 0.27706073832654554, "recall": 0.2908817181426169, "f1-measure": 0.264373079558524}}}