{"rouge1": {"low": {"precision": 0.3328358938746889, "recall": 0.3487434645332638, "f1-measure": 0.33259513568936205}, "mid": {"precision": 0.34164975703449474, "recall": 0.357977223078754, "f1-measure": 0.337000509850624}, "high": {"precision": 0.35077555818023354, "recall": 0.36733992585234426, "f1-measure": 0.3415357827583126}}, "rouge2": {"low": {"precision": 0.05347306225051002, "recall": 0.06171210724512695, "f1-measure": 0.0546413981800114}, "mid": {"precision": 0.05606611128638156, "recall": 0.0653717676888384, "f1-measure": 0.05708206897531332}, "high": {"precision": 0.0584053423017846, "recall": 0.06863896654337684, "f1-measure": 0.05919756502469991}}, "rougeL": {"low": {"precision": 0.1680338809587539, "recall": 0.19358255944979483, "f1-measure": 0.17512999369842314}, "mid": {"precision": 0.17236152603643892, "recall": 0.19956024829513969, "f1-measure": 0.17717004385314006}, "high": {"precision": 0.17663999268659566, "recall": 0.2058727124089232, "f1-measure": 0.17924068616568206}}, "rougeLsum": {"low": {"precision": 0.23629645933282217, "recall": 0.244186611732666, "f1-measure": 0.23074185976511552}, "mid": {"precision": 0.24543688611398912, "recall": 0.2511975405003234, "f1-measure": 0.23499756495855728}, "high": {"precision": 0.2544971248018247, "recall": 0.2581162088190626, "f1-measure": 0.23908430555233465}}}