{"rouge1": {"low": {"precision": 0.36276643247380075, "recall": 0.35621943372936793, "f1-measure": 0.34984149192967984}, "mid": {"precision": 0.3729505163370912, "recall": 0.36815244143197645, "f1-measure": 0.3564385578239876}, "high": {"precision": 0.38330343985110465, "recall": 0.3790185425506733, "f1-measure": 0.3623580382409831}}, "rouge2": {"low": {"precision": 0.07390569952529838, "recall": 0.07733092207453061, "f1-measure": 0.07150387002645003}, "mid": {"precision": 0.07806688417873256, "recall": 0.08178606628694723, "f1-measure": 0.0752263499305716}, "high": {"precision": 0.08270880629984549, "recall": 0.08667421953551302, "f1-measure": 0.07884916865428981}}, "rougeL": {"low": {"precision": 0.1851714947617995, "recall": 0.1942538577017978, "f1-measure": 0.1829135618680216}, "mid": {"precision": 0.19115264226600293, "recall": 0.2006844072079787, "f1-measure": 0.18641544760175388}, "high": {"precision": 0.197074210842732, "recall": 0.20765922039844473, "f1-measure": 0.19046334090632266}}, "rougeLsum": {"low": {"precision": 0.24341891349851918, "recall": 0.23394721204724156, "f1-measure": 0.22860304399553547}, "mid": {"precision": 0.25233738982851184, "recall": 0.24207799186105364, "f1-measure": 0.2335997126080007}, "high": {"precision": 0.26166331189421543, "recall": 0.25042470661192123, "f1-measure": 0.23845997147459078}}}