{"rouge1": {"low": {"precision": 0.3391762055120087, "recall": 0.42216829038452225, "f1-measure": 0.3580213323355022}, "mid": {"precision": 0.36167679146224097, "recall": 0.4380243575503633, "f1-measure": 0.37237442305230095}, "high": {"precision": 0.38397519359904675, "recall": 0.4543886511241407, "f1-measure": 0.38539902709123314}}, "rouge2": {"low": {"precision": 0.08153921053931683, "recall": 0.0981496351082655, "f1-measure": 0.0840677024639342}, "mid": {"precision": 0.08934811957339654, "recall": 0.10614776220374349, "f1-measure": 0.09027838494773963}, "high": {"precision": 0.0986353874870387, "recall": 0.11410684309374887, "f1-measure": 0.09748767021877698}}, "rougeL": {"low": {"precision": 0.17567973125761505, "recall": 0.21951237806321486, "f1-measure": 0.18615867299006786}, "mid": {"precision": 0.1863582255573687, "recall": 0.22878374558166792, "f1-measure": 0.192021799281829}, "high": {"precision": 0.1974027171173771, "recall": 0.23853404721958663, "f1-measure": 0.19797540750087514}}, "rougeLsum": {"low": {"precision": 0.20327312250267723, "recall": 0.25403943130760603, "f1-measure": 0.21490158612750818}, "mid": {"precision": 0.21663639121050438, "recall": 0.2661308024282971, "f1-measure": 0.22388407631971974}, "high": {"precision": 0.2315965372328036, "recall": 0.27888641774812717, "f1-measure": 0.2331148655651779}}}