{"rouge1": {"low": {"precision": 0.4056896486332905, "recall": 0.3931856079645324, "f1-measure": 0.38688876282282764}, "mid": {"precision": 0.41691375551065113, "recall": 0.40596373171627453, "f1-measure": 0.394710085756044}, "high": {"precision": 0.4278362823979428, "recall": 0.4179965659058562, "f1-measure": 0.4019917122446506}}, "rouge2": {"low": {"precision": 0.09529394605526914, "recall": 0.09595505522426882, "f1-measure": 0.09141203813128203}, "mid": {"precision": 0.09986394341435806, "recall": 0.1017649241607752, "f1-measure": 0.09552330711192622}, "high": {"precision": 0.10437998948980186, "recall": 0.10772128268350936, "f1-measure": 0.09995736594154213}}, "rougeL": {"low": {"precision": 0.20223198044391963, "recall": 0.21272743209443684, "f1-measure": 0.1995963675647719}, "mid": {"precision": 0.20740219965319168, "recall": 0.2206470443794149, "f1-measure": 0.20338139978583217}, "high": {"precision": 0.21309319716496114, "recall": 0.22850855868258016, "f1-measure": 0.20710569848547902}}, "rougeLsum": {"low": {"precision": 0.26748368382242976, "recall": 0.25831372851404016, "f1-measure": 0.2512687019261545}, "mid": {"precision": 0.2774228740728666, "recall": 0.26750664016613523, "f1-measure": 0.2568132446414141}, "high": {"precision": 0.2888245262956678, "recall": 0.2765207881556606, "f1-measure": 0.26241157030106016}}}