{"rouge1": {"low": {"precision": 0.2845007993394949, "recall": 0.4603312875117179, "f1-measure": 0.33873769873616244}, "mid": {"precision": 0.3033079730640029, "recall": 0.47589563682091196, "f1-measure": 0.3519117509499024}, "high": {"precision": 0.32158029955025663, "recall": 0.4916574927286503, "f1-measure": 0.36476965143716633}}, "rouge2": {"low": {"precision": 0.059501141221470266, "recall": 0.09487690799371937, "f1-measure": 0.06984953730924257}, "mid": {"precision": 0.06545895908778271, "recall": 0.10187329660144129, "f1-measure": 0.07559072525354095}, "high": {"precision": 0.07214572439533247, "recall": 0.10932542882064189, "f1-measure": 0.0813951523374651}}, "rougeL": {"low": {"precision": 0.13808939308806584, "recall": 0.2266300422777917, "f1-measure": 0.16549409467851425}, "mid": {"precision": 0.1459597380920824, "recall": 0.23535053853307134, "f1-measure": 0.17060581088596236}, "high": {"precision": 0.15400286703497393, "recall": 0.24585463345582476, "f1-measure": 0.1762258106570157}}, "rougeLsum": {"low": {"precision": 0.16744483805490482, "recall": 0.2719596665645823, "f1-measure": 0.19888815619735153}, "mid": {"precision": 0.18016999984296905, "recall": 0.2835229253316849, "f1-measure": 0.2087383496876467}, "high": {"precision": 0.19216819421891024, "recall": 0.29509065396178874, "f1-measure": 0.21804447494416376}}}