{"rouge1": {"low": {"precision": 0.4172808045970264, "recall": 0.3932942836343582, "f1-measure": 0.39426803312104713}, "mid": {"precision": 0.4289786894731757, "recall": 0.40585920689826527, "f1-measure": 0.4019698782987803}, "high": {"precision": 0.44019897295723937, "recall": 0.4183103334081061, "f1-measure": 0.4090483436662017}}, "rouge2": {"low": {"precision": 0.10418487455897474, "recall": 0.09612283587844271, "f1-measure": 0.09524689548836221}, "mid": {"precision": 0.10989903615922617, "recall": 0.10154196479555276, "f1-measure": 0.09975541863855858}, "high": {"precision": 0.11548685765955394, "recall": 0.10709971686900045, "f1-measure": 0.10465410543257338}}, "rougeL": {"low": {"precision": 0.2168369759544629, "recall": 0.20850746288301708, "f1-measure": 0.2045289586860526}, "mid": {"precision": 0.22363154552654896, "recall": 0.21565025336787585, "f1-measure": 0.20910674293551962}, "high": {"precision": 0.2311290870858469, "recall": 0.22319395909307818, "f1-measure": 0.2140033702390126}}, "rougeLsum": {"low": {"precision": 0.2911732094725714, "recall": 0.2608754718375993, "f1-measure": 0.26407287281186503}, "mid": {"precision": 0.3019263796804261, "recall": 0.26960777415816634, "f1-measure": 0.27004427929455893}, "high": {"precision": 0.3131055195944401, "recall": 0.27813440264361083, "f1-measure": 0.27565820363729593}}}