{"rouge1": {"low": {"precision": 0.4176916912874653, "recall": 0.39232794026326717, "f1-measure": 0.39424381757370347}, "mid": {"precision": 0.4300549595237761, "recall": 0.40457727459070236, "f1-measure": 0.40168209656657483}, "high": {"precision": 0.4413516417126539, "recall": 0.4161420595896185, "f1-measure": 0.40930881350325926}}, "rouge2": {"low": {"precision": 0.10172373500926897, "recall": 0.09460061480286737, "f1-measure": 0.09371367949134427}, "mid": {"precision": 0.10764079410025329, "recall": 0.10074233165053198, "f1-measure": 0.09864818713858725}, "high": {"precision": 0.11312517709033094, "recall": 0.10666835610256115, "f1-measure": 0.10358764180929281}}, "rougeL": {"low": {"precision": 0.21105628658278044, "recall": 0.20689553681892883, "f1-measure": 0.2018648252527483}, "mid": {"precision": 0.21772207952596467, "recall": 0.21447032491538148, "f1-measure": 0.2065385796055123}, "high": {"precision": 0.22438197375284702, "recall": 0.22251974462009885, "f1-measure": 0.21109534136487149}}, "rougeLsum": {"low": {"precision": 0.28504564182421666, "recall": 0.2602061424663569, "f1-measure": 0.26124468953576463}, "mid": {"precision": 0.2960456140124835, "recall": 0.2688128513140155, "f1-measure": 0.2676240048161329}, "high": {"precision": 0.30675213227703646, "recall": 0.27775591093217905, "f1-measure": 0.27295251017307204}}}