{"rouge1": {"low": {"precision": 0.3819407842656867, "recall": 0.43146758099152566, "f1-measure": 0.3960505439703969}, "mid": {"precision": 0.39377816515686637, "recall": 0.44036673845198004, "f1-measure": 0.40186197805216084}, "high": {"precision": 0.4048579947548123, "recall": 0.44978141308599356, "f1-measure": 0.40765303815532977}}, "rouge2": {"low": {"precision": 0.09186752431213893, "recall": 0.11224806719174561, "f1-measure": 0.09735325393155188}, "mid": {"precision": 0.09671854050775966, "recall": 0.1171665365053926, "f1-measure": 0.10075710376349438}, "high": {"precision": 0.10151642464679841, "recall": 0.122327830722388, "f1-measure": 0.1044816909474694}}, "rougeL": {"low": {"precision": 0.1870317105544923, "recall": 0.23111212928884894, "f1-measure": 0.2009003908187669}, "mid": {"precision": 0.1927928066046254, "recall": 0.2373790571884995, "f1-measure": 0.2039458145756912}, "high": {"precision": 0.19858360852728085, "recall": 0.24405120459152324, "f1-measure": 0.20706950437156513}}, "rougeLsum": {"low": {"precision": 0.25866982044367126, "recall": 0.296407806550723, "f1-measure": 0.26674062455358594}, "mid": {"precision": 0.26956076740314167, "recall": 0.3040868357812793, "f1-measure": 0.27203515103193676}, "high": {"precision": 0.28052202563680506, "recall": 0.31225664013482685, "f1-measure": 0.27781680187787533}}}