{"rouge1": {"low": {"precision": 0.3177855877910259, "recall": 0.3921563621861909, "f1-measure": 0.33572377906304424}, "mid": {"precision": 0.3360390681981441, "recall": 0.4100602828641698, "f1-measure": 0.34888424185908185}, "high": {"precision": 0.3561732547752768, "recall": 0.42910360936661557, "f1-measure": 0.36263612697350767}}, "rouge2": {"low": {"precision": 0.06380130929817232, "recall": 0.07868536862980591, "f1-measure": 0.06716677450881414}, "mid": {"precision": 0.07038986914340976, "recall": 0.08541188368426973, "f1-measure": 0.07297417187246123}, "high": {"precision": 0.07744766566926652, "recall": 0.09228273750483593, "f1-measure": 0.07885337117129732}}, "rougeL": {"low": {"precision": 0.15582924292231012, "recall": 0.19361944510607484, "f1-measure": 0.1651832765027896}, "mid": {"precision": 0.1653982509365537, "recall": 0.2029526608349818, "f1-measure": 0.17150315579796416}, "high": {"precision": 0.17633118872425277, "recall": 0.2124968019194065, "f1-measure": 0.17832913761336813}}, "rougeLsum": {"low": {"precision": 0.17230688259602933, "recall": 0.21447092388743558, "f1-measure": 0.18290379013288025}, "mid": {"precision": 0.18445369117769164, "recall": 0.22584574155955828, "f1-measure": 0.19117224620572298}, "high": {"precision": 0.19697162954981037, "recall": 0.2371750760801579, "f1-measure": 0.20017912130096635}}}