{"rouge1": {"low": {"precision": 0.18549757989314292, "recall": 0.49481814749461217, "f1-measure": 0.2583575125371512}, "mid": {"precision": 0.20048451349053092, "recall": 0.510750428621725, "f1-measure": 0.2731132681492838}, "high": {"precision": 0.21771159651288344, "recall": 0.525240848169973, "f1-measure": 0.2887207623717931}}, "rouge2": {"low": {"precision": 0.04187964533331116, "recall": 0.11234466931359531, "f1-measure": 0.05844381884708229}, "mid": {"precision": 0.04612810852951639, "recall": 0.12012185437178857, "f1-measure": 0.0633416930396508}, "high": {"precision": 0.051008918062371685, "recall": 0.1288156531656468, "f1-measure": 0.06858039462714875}}, "rougeL": {"low": {"precision": 0.10282638956875904, "recall": 0.28122954728736343, "f1-measure": 0.14519322511163252}, "mid": {"precision": 0.10988032965960616, "recall": 0.29083731623548403, "f1-measure": 0.15134045011272368}, "high": {"precision": 0.1172606718307479, "recall": 0.30158851301384637, "f1-measure": 0.15778743559520716}}, "rougeLsum": {"low": {"precision": 0.11380015947411246, "recall": 0.3070862859388827, "f1-measure": 0.15923706190948003}, "mid": {"precision": 0.12330253996285556, "recall": 0.3195388335696212, "f1-measure": 0.16868855018242307}, "high": {"precision": 0.13315385030681004, "recall": 0.33266795726765885, "f1-measure": 0.17779488126087337}}}