{"rouge1": {"low": {"precision": 0.419023258191308, "recall": 0.3213032869114047, "f1-measure": 0.34927383508819543}, "mid": {"precision": 0.42965917727328323, "recall": 0.3341691684836842, "f1-measure": 0.35667035275864845}, "high": {"precision": 0.441968198705574, "recall": 0.34593914930802655, "f1-measure": 0.36442136449522883}}, "rouge2": {"low": {"precision": 0.09662185714715062, "recall": 0.07047098559523272, "f1-measure": 0.07647133405283466}, "mid": {"precision": 0.10086607276109763, "recall": 0.07488323972459099, "f1-measure": 0.08025697908665264}, "high": {"precision": 0.10571854677094417, "recall": 0.07953776554259462, "f1-measure": 0.08394611045639315}}, "rougeL": {"low": {"precision": 0.22482828305209543, "recall": 0.1805792403639952, "f1-measure": 0.18988996752526988}, "mid": {"precision": 0.23187195578229708, "recall": 0.18794848166321776, "f1-measure": 0.19396232678036035}, "high": {"precision": 0.23853272020960653, "recall": 0.19507117927661666, "f1-measure": 0.19780570420020396}}, "rougeLsum": {"low": {"precision": 0.28208457952371485, "recall": 0.20737328636964467, "f1-measure": 0.22734867805654257}, "mid": {"precision": 0.2919182191960521, "recall": 0.21575836427652686, "f1-measure": 0.2327268895223722}, "high": {"precision": 0.30210134149626566, "recall": 0.22378643030946221, "f1-measure": 0.23818027290358226}}}