{"rouge1": {"low": {"precision": 0.33252871631751524, "recall": 0.44912312493122725, "f1-measure": 0.37102957565298805}, "mid": {"precision": 0.35078705471601834, "recall": 0.4640948014060866, "f1-measure": 0.38343939299264596}, "high": {"precision": 0.3702350229702177, "recall": 0.47908516094948317, "f1-measure": 0.3949013352712353}}, "rouge2": {"low": {"precision": 0.07409047598711299, "recall": 0.09918362962736474, "f1-measure": 0.08162159573225942}, "mid": {"precision": 0.0802601627194452, "recall": 0.1070869142979155, "f1-measure": 0.08783159103703488}, "high": {"precision": 0.08704187229488869, "recall": 0.11569869266199943, "f1-measure": 0.0944278624661368}}, "rougeL": {"low": {"precision": 0.16035008462853495, "recall": 0.217740528074584, "f1-measure": 0.18001997625641433}, "mid": {"precision": 0.16758787753067683, "recall": 0.2280821229492732, "f1-measure": 0.18485619797010763}, "high": {"precision": 0.17512801219416121, "recall": 0.23883772020869679, "f1-measure": 0.18991121581573508}}, "rougeLsum": {"low": {"precision": 0.18215938304383752, "recall": 0.24917703920459072, "f1-measure": 0.2047448701355779}, "mid": {"precision": 0.19296369568239868, "recall": 0.2612064753499803, "f1-measure": 0.21265386639658113}, "high": {"precision": 0.20517869111669637, "recall": 0.27470631641856574, "f1-measure": 0.22162997790475042}}}