{"rouge1": {"low": {"precision": 0.4043424742375448, "recall": 0.3685980944615463, "f1-measure": 0.37377270920046135}, "mid": {"precision": 0.41518307119852077, "recall": 0.38089876889998375, "f1-measure": 0.3820225258764125}, "high": {"precision": 0.4269921921602331, "recall": 0.39334016612945905, "f1-measure": 0.3895145617832521}}, "rouge2": {"low": {"precision": 0.09103443061323507, "recall": 0.08172256404778634, "f1-measure": 0.08195957930867236}, "mid": {"precision": 0.0964162790189896, "recall": 0.08668635798158103, "f1-measure": 0.08614725447943439}, "high": {"precision": 0.10141947308253464, "recall": 0.0917485335765193, "f1-measure": 0.09005899693296807}}, "rougeL": {"low": {"precision": 0.20560692063268204, "recall": 0.19433356257560538, "f1-measure": 0.1927198492375483}, "mid": {"precision": 0.21251595603991363, "recall": 0.20090991157812377, "f1-measure": 0.19674126958785954}, "high": {"precision": 0.21981892784848805, "recall": 0.2082702282249313, "f1-measure": 0.20135887613941697}}, "rougeLsum": {"low": {"precision": 0.2600502486156724, "recall": 0.22640722709955705, "f1-measure": 0.23182946970837656}, "mid": {"precision": 0.27011501344307, "recall": 0.23443991374218717, "f1-measure": 0.23770210423859567}, "high": {"precision": 0.280601849427066, "recall": 0.24310903301361955, "f1-measure": 0.2430034481244244}}}