{"rouge1": {"low": {"precision": 0.26648069754684034, "recall": 0.5034336072250127, "f1-measure": 0.34020712969088934}, "mid": {"precision": 0.2820740835495006, "recall": 0.5148841081219129, "f1-measure": 0.35258369960797065}, "high": {"precision": 0.297439674828264, "recall": 0.525873338419092, "f1-measure": 0.3655332515206725}}, "rouge2": {"low": {"precision": 0.052965938432750555, "recall": 0.09970723288065308, "f1-measure": 0.06730473438370474}, "mid": {"precision": 0.05776849867353534, "recall": 0.10531826342986121, "f1-measure": 0.07206617910341376}, "high": {"precision": 0.06221429272571217, "recall": 0.11149061835076587, "f1-measure": 0.0768029017033859}}, "rougeL": {"low": {"precision": 0.1279144115559711, "recall": 0.2432210125493167, "f1-measure": 0.16456763194588467}, "mid": {"precision": 0.1341571728426612, "recall": 0.2522622480388642, "f1-measure": 0.1692163974853096}, "high": {"precision": 0.1405931647119026, "recall": 0.26063338674641934, "f1-measure": 0.17414969988646908}}, "rougeLsum": {"low": {"precision": 0.15385715342116113, "recall": 0.29203716328971585, "f1-measure": 0.1972542664483707}, "mid": {"precision": 0.16459778475754672, "recall": 0.3017958177541076, "f1-measure": 0.20550103078733822}, "high": {"precision": 0.17495680658205157, "recall": 0.31213698197401124, "f1-measure": 0.2139290491038812}}}