{"rouge1": {"low": {"precision": 0.36039305277917727, "recall": 0.40050397871470567, "f1-measure": 0.36824587181560836}, "mid": {"precision": 0.3717646964065163, "recall": 0.41137688893273006, "f1-measure": 0.37529503322899743}, "high": {"precision": 0.38357642814522874, "recall": 0.42240592861871684, "f1-measure": 0.38183829345122267}}, "rouge2": {"low": {"precision": 0.07753642883369088, "recall": 0.09246355800429161, "f1-measure": 0.08013781083114586}, "mid": {"precision": 0.0814365005222605, "recall": 0.09714589583904693, "f1-measure": 0.08370733388149298}, "high": {"precision": 0.08570218982715727, "recall": 0.10187026854833162, "f1-measure": 0.08711520757948388}}, "rougeL": {"low": {"precision": 0.18102048511689933, "recall": 0.21450834537552949, "f1-measure": 0.19011138204587202}, "mid": {"precision": 0.18625182852090283, "recall": 0.22113679692210914, "f1-measure": 0.19365210863787768}, "high": {"precision": 0.1918151867465811, "recall": 0.2281028773279917, "f1-measure": 0.19713107995342524}}, "rougeLsum": {"low": {"precision": 0.24837435816770514, "recall": 0.2755107476457206, "f1-measure": 0.2498227863529561}, "mid": {"precision": 0.25777600817398183, "recall": 0.2833270513032864, "f1-measure": 0.25491445141564373}, "high": {"precision": 0.26857760191143315, "recall": 0.29166380768542916, "f1-measure": 0.2600941353411492}}}