{"rouge1": {"low": {"precision": 0.3939619118414019, "recall": 0.36082922716549154, "f1-measure": 0.36558653393457347}, "mid": {"precision": 0.41374898641496327, "recall": 0.3747046245208946, "f1-measure": 0.3764703617307519}, "high": {"precision": 0.4364226240037276, "recall": 0.3890050332744005, "f1-measure": 0.38737420159838276}}, "rouge2": {"low": {"precision": 0.08744492743033315, "recall": 0.07807112951968342, "f1-measure": 0.0796325539797057}, "mid": {"precision": 0.09727213918983996, "recall": 0.08468167471392232, "f1-measure": 0.08665792616625972}, "high": {"precision": 0.10621946113877583, "recall": 0.09100067510368516, "f1-measure": 0.09347152458394527}}, "rougeL": {"low": {"precision": 0.1987351255172465, "recall": 0.18311362314972898, "f1-measure": 0.18468404394052118}, "mid": {"precision": 0.20879093192334147, "recall": 0.19140588734513742, "f1-measure": 0.19020692136078504}, "high": {"precision": 0.2190987608571836, "recall": 0.2007811272928885, "f1-measure": 0.1957976895479923}}, "rougeLsum": {"low": {"precision": 0.2262894109669753, "recall": 0.20743912348534121, "f1-measure": 0.20989115792103377}, "mid": {"precision": 0.24052808862361386, "recall": 0.21727301321375114, "f1-measure": 0.2175836121941276}, "high": {"precision": 0.25487259567938186, "recall": 0.2265418625354478, "f1-measure": 0.22570243369664814}}}