{"rouge1": {"low": {"precision": 0.2824185556412777, "recall": 0.4902957777569291, "f1-measure": 0.3498420885695709}, "mid": {"precision": 0.29721364242409626, "recall": 0.5044753232055892, "f1-measure": 0.36224337474629786}, "high": {"precision": 0.3136511713856464, "recall": 0.5180301476788409, "f1-measure": 0.37543700292824495}}, "rouge2": {"low": {"precision": 0.053270017219018626, "recall": 0.09284732299950908, "f1-measure": 0.0661060835237599}, "mid": {"precision": 0.0575596530317703, "recall": 0.09982426087339036, "f1-measure": 0.07032634891417477}, "high": {"precision": 0.06172626655218531, "recall": 0.10668203352565096, "f1-measure": 0.07462527159477234}}, "rougeL": {"low": {"precision": 0.1311693548831112, "recall": 0.23091324403741084, "f1-measure": 0.1644684660600142}, "mid": {"precision": 0.13725306215597743, "recall": 0.2411917149104406, "f1-measure": 0.16866636242044125}, "high": {"precision": 0.14336629974624485, "recall": 0.252442764289355, "f1-measure": 0.17317065789337074}}, "rougeLsum": {"low": {"precision": 0.16153515186606177, "recall": 0.2828137906078692, "f1-measure": 0.20078517453446995}, "mid": {"precision": 0.17041458773076787, "recall": 0.2929663998180375, "f1-measure": 0.20793962802217586}, "high": {"precision": 0.18000711558451202, "recall": 0.3040700300103684, "f1-measure": 0.21568520715157025}}}