{"rouge1": {"low": {"precision": 0.3944972755249268, "recall": 0.3481456556135882, "f1-measure": 0.3580171197081621}, "mid": {"precision": 0.41376393802812034, "recall": 0.3621947865271353, "f1-measure": 0.37091371801635464}, "high": {"precision": 0.4345376418379832, "recall": 0.3772833976604133, "f1-measure": 0.38381031421049633}}, "rouge2": {"low": {"precision": 0.08617673788985122, "recall": 0.07447422293201571, "f1-measure": 0.07699970011428593}, "mid": {"precision": 0.09633914921557175, "recall": 0.08092362081089297, "f1-measure": 0.08459428673849571}, "high": {"precision": 0.10664822917433353, "recall": 0.08814715769715085, "f1-measure": 0.09194665026881127}}, "rougeL": {"low": {"precision": 0.2002868080604089, "recall": 0.1777902174136599, "f1-measure": 0.18307756235501862}, "mid": {"precision": 0.20975947553821453, "recall": 0.18563002162032316, "f1-measure": 0.18839760232863467}, "high": {"precision": 0.2199218300592428, "recall": 0.19447337681244617, "f1-measure": 0.19412038603138057}}, "rougeLsum": {"low": {"precision": 0.22823772014958527, "recall": 0.20226717257850285, "f1-measure": 0.2079813399831558}, "mid": {"precision": 0.24129581228312003, "recall": 0.21137023385031123, "f1-measure": 0.21561434830621004}, "high": {"precision": 0.2545335012755523, "recall": 0.22182192740606232, "f1-measure": 0.22383559794882948}}}