{"rouge1": {"low": {"precision": 0.41931952941201783, "recall": 0.3137398886014923, "f1-measure": 0.3421007555643652}, "mid": {"precision": 0.43106396605536434, "recall": 0.3262058735677136, "f1-measure": 0.3501314466389983}, "high": {"precision": 0.4432357075161953, "recall": 0.33992951165971474, "f1-measure": 0.35885831787880673}}, "rouge2": {"low": {"precision": 0.09452490337727518, "recall": 0.06982801579190617, "f1-measure": 0.07468624173849714}, "mid": {"precision": 0.09928440183371029, "recall": 0.07429475082200512, "f1-measure": 0.07825115038377115}, "high": {"precision": 0.10442903667280012, "recall": 0.0789315167607185, "f1-measure": 0.08165877216953736}}, "rougeL": {"low": {"precision": 0.22500799687350415, "recall": 0.17676829437288674, "f1-measure": 0.18671452370415173}, "mid": {"precision": 0.23230666107521336, "recall": 0.18429129439319886, "f1-measure": 0.19065968528821733}, "high": {"precision": 0.23997583093473382, "recall": 0.19212251986373324, "f1-measure": 0.19476046520514467}}, "rougeLsum": {"low": {"precision": 0.2811831101272973, "recall": 0.20514543397514637, "f1-measure": 0.22390668224095278}, "mid": {"precision": 0.2930543761945819, "recall": 0.21409229107616495, "f1-measure": 0.22958326311988125}, "high": {"precision": 0.30380552911211683, "recall": 0.22306608102257566, "f1-measure": 0.23527609007838318}}}