{"rouge1": {"low": {"precision": 0.3443537095699567, "recall": 0.4607211665203529, "f1-measure": 0.3833831599351637}, "mid": {"precision": 0.36393683317669256, "recall": 0.47493713810346555, "f1-measure": 0.3966306046061231}, "high": {"precision": 0.38221127227335505, "recall": 0.49011658407084635, "f1-measure": 0.4082715898558689}}, "rouge2": {"low": {"precision": 0.081106270558859, "recall": 0.10809066194957666, "f1-measure": 0.08966794442708333}, "mid": {"precision": 0.08791464278128627, "recall": 0.11637242938201947, "f1-measure": 0.09625027196657825}, "high": {"precision": 0.0944696422666418, "recall": 0.124296435608265, "f1-measure": 0.10243859020491444}}, "rougeL": {"low": {"precision": 0.16716453426051978, "recall": 0.22418744235728258, "f1-measure": 0.18686883761388368}, "mid": {"precision": 0.17458733428197037, "recall": 0.23402485461945371, "f1-measure": 0.19186494616148686}, "high": {"precision": 0.18266347257520865, "recall": 0.24374672682315782, "f1-measure": 0.1971754446229536}}, "rougeLsum": {"low": {"precision": 0.1910511654657943, "recall": 0.2565835286432032, "f1-measure": 0.21296759608856428}, "mid": {"precision": 0.20212201574534083, "recall": 0.2668163592341811, "f1-measure": 0.22071860205162772}, "high": {"precision": 0.21359028268316863, "recall": 0.27789692019521156, "f1-measure": 0.22918446636900264}}}