{"rouge1": {"low": {"precision": 0.19584421124120222, "recall": 0.5032632332947949, "f1-measure": 0.26945440764695233}, "mid": {"precision": 0.21278976560618787, "recall": 0.5178010073918445, "f1-measure": 0.2843136709804644}, "high": {"precision": 0.22972733540710952, "recall": 0.531971372552088, "f1-measure": 0.30086854284190967}}, "rouge2": {"low": {"precision": 0.047512444377233495, "recall": 0.1218609729001565, "f1-measure": 0.06512135291231064}, "mid": {"precision": 0.05290174895488496, "recall": 0.1301620237014821, "f1-measure": 0.07083966427232072}, "high": {"precision": 0.05897976420023092, "recall": 0.13959580904530083, "f1-measure": 0.07696277232514194}}, "rougeL": {"low": {"precision": 0.10511354108113244, "recall": 0.27807879858309875, "f1-measure": 0.14609141986942745}, "mid": {"precision": 0.11298112652150288, "recall": 0.2884153500883898, "f1-measure": 0.152842046246151}, "high": {"precision": 0.120275783491874, "recall": 0.2993872716858617, "f1-measure": 0.15930439758597476}}, "rougeLsum": {"low": {"precision": 0.1192587798100459, "recall": 0.3072654923180912, "f1-measure": 0.16365213108145424}, "mid": {"precision": 0.12944327462862093, "recall": 0.3203220754827783, "f1-measure": 0.17389372001063097}, "high": {"precision": 0.14094928662501635, "recall": 0.3329007879708776, "f1-measure": 0.18442759869909692}}}