{"rouge1": {"low": {"precision": 0.392770552459866, "recall": 0.2953129587222924, "f1-measure": 0.318051008796336}, "mid": {"precision": 0.40453316559982283, "recall": 0.3078614812664161, "f1-measure": 0.3265299437026823}, "high": {"precision": 0.4167000676672433, "recall": 0.3203942407707819, "f1-measure": 0.334464712558687}}, "rouge2": {"low": {"precision": 0.08160713994825229, "recall": 0.06270981169654524, "f1-measure": 0.06508658987461109}, "mid": {"precision": 0.08664790825632405, "recall": 0.06681640974223717, "f1-measure": 0.06841643361761382}, "high": {"precision": 0.09259145358596058, "recall": 0.07068935077576272, "f1-measure": 0.07167508242542744}}, "rougeL": {"low": {"precision": 0.2173369129212882, "recall": 0.16980163419487404, "f1-measure": 0.1783682706600286}, "mid": {"precision": 0.22711024064510515, "recall": 0.17670524402108448, "f1-measure": 0.18248504226995188}, "high": {"precision": 0.23571379440818913, "recall": 0.18422703678794572, "f1-measure": 0.1867753609100929}}, "rougeLsum": {"low": {"precision": 0.2721960496269085, "recall": 0.1997909877193194, "f1-measure": 0.2142538551510827}, "mid": {"precision": 0.282574700405569, "recall": 0.20922648464490695, "f1-measure": 0.21998036756326722}, "high": {"precision": 0.29453409524325463, "recall": 0.21872133062455343, "f1-measure": 0.22562214462308863}}}