{"rouge1": {"low": {"precision": 0.44588121566965255, "recall": 0.3162762504659148, "f1-measure": 0.3573715760284836}, "mid": {"precision": 0.4586017042963367, "recall": 0.3292364924895185, "f1-measure": 0.3681747095598361}, "high": {"precision": 0.47238651554543004, "recall": 0.3418593573929843, "f1-measure": 0.37907159782828087}}, "rouge2": {"low": {"precision": 0.1112356109179721, "recall": 0.07861487594234698, "f1-measure": 0.08786819937207077}, "mid": {"precision": 0.1187843578833568, "recall": 0.08485674077621053, "f1-measure": 0.09443969637970229}, "high": {"precision": 0.1277572400604108, "recall": 0.09142848280748479, "f1-measure": 0.10146598199599309}}, "rougeL": {"low": {"precision": 0.24651857988259004, "recall": 0.17926780999346897, "f1-measure": 0.19923188097844652}, "mid": {"precision": 0.2542523688277052, "recall": 0.18711881991732135, "f1-measure": 0.20568476002144456}, "high": {"precision": 0.26308341456103634, "recall": 0.19470363980363528, "f1-measure": 0.21227260925018618}}, "rougeLsum": {"low": {"precision": 0.29758880792882136, "recall": 0.2056261852438383, "f1-measure": 0.23347613453511848}, "mid": {"precision": 0.30766753232151695, "recall": 0.2137022083593274, "f1-measure": 0.24047585837179558}, "high": {"precision": 0.3171328618015007, "recall": 0.22229900649397452, "f1-measure": 0.2482371328866978}}}