{"rouge1": {"low": {"precision": 0.4125237444578174, "recall": 0.44008680475506584, "f1-measure": 0.41641561976069386}, "mid": {"precision": 0.4230505898951119, "recall": 0.4505801639516541, "f1-measure": 0.4213208726044725}, "high": {"precision": 0.43399669665820434, "recall": 0.4615316711447921, "f1-measure": 0.42560600995592496}}, "rouge2": {"low": {"precision": 0.09724441743128608, "recall": 0.10858864485735677, "f1-measure": 0.09765531264630306}, "mid": {"precision": 0.10106016791041866, "recall": 0.11396004416160392, "f1-measure": 0.10107510724198863}, "high": {"precision": 0.10501490044469929, "recall": 0.1196485852613067, "f1-measure": 0.10429951548200962}}, "rougeL": {"low": {"precision": 0.19696247163329186, "recall": 0.2296235299749638, "f1-measure": 0.2053736974228567}, "mid": {"precision": 0.2025481600275919, "recall": 0.2370710938929994, "f1-measure": 0.20849815142587658}, "high": {"precision": 0.20855735856155516, "recall": 0.24446802977708212, "f1-measure": 0.21169320308859121}}, "rougeLsum": {"low": {"precision": 0.27305671390287606, "recall": 0.2873172267217705, "f1-measure": 0.2700790830277831}, "mid": {"precision": 0.2831819323256941, "recall": 0.29540098182416286, "f1-measure": 0.27475140335940795}, "high": {"precision": 0.29444711899015535, "recall": 0.30305696700954876, "f1-measure": 0.27958216079014603}}}