{"rouge1": {"low": {"precision": 0.2820682705624503, "recall": 0.44775078493461506, "f1-measure": 0.3275686041098803}, "mid": {"precision": 0.30113056173258834, "recall": 0.4639069577736527, "f1-measure": 0.3420543843935222}, "high": {"precision": 0.32250390474950086, "recall": 0.4802795951718278, "f1-measure": 0.35620318671346535}}, "rouge2": {"low": {"precision": 0.05972988086262375, "recall": 0.0936371613630529, "f1-measure": 0.06887132199308306}, "mid": {"precision": 0.06655746719883762, "recall": 0.10022297902503827, "f1-measure": 0.07439353649868527}, "high": {"precision": 0.07414761971964967, "recall": 0.10640508659329576, "f1-measure": 0.08003326518746143}}, "rougeL": {"low": {"precision": 0.13780357199568422, "recall": 0.22362737463173074, "f1-measure": 0.16255532726810856}, "mid": {"precision": 0.14812935599097382, "recall": 0.23386063134030088, "f1-measure": 0.1687907421045655}, "high": {"precision": 0.15860399124561955, "recall": 0.2440151225070116, "f1-measure": 0.17507903814917924}}, "rougeLsum": {"low": {"precision": 0.16983265210479626, "recall": 0.27463380467215276, "f1-measure": 0.19884006122653128}, "mid": {"precision": 0.18156562261219267, "recall": 0.28812867456329916, "f1-measure": 0.20775475791320475}, "high": {"precision": 0.19496055000244036, "recall": 0.3008487463047881, "f1-measure": 0.21734803615361578}}}