{"rouge1": {"low": {"precision": 0.39718477843771105, "recall": 0.3825582181957942, "f1-measure": 0.38085208233292744}, "mid": {"precision": 0.4084669752610966, "recall": 0.39306587953656436, "f1-measure": 0.3862202639146266}, "high": {"precision": 0.4199442502578769, "recall": 0.40411152019710433, "f1-measure": 0.3916731947718145}}, "rouge2": {"low": {"precision": 0.0870789533392371, "recall": 0.08815363297539407, "f1-measure": 0.08333702328286118}, "mid": {"precision": 0.09108136304878031, "recall": 0.09245473589414699, "f1-measure": 0.08647496780385691}, "high": {"precision": 0.09514942890662408, "recall": 0.09677702269143003, "f1-measure": 0.08956567967092376}}, "rougeL": {"low": {"precision": 0.19221038070865404, "recall": 0.20918660327188815, "f1-measure": 0.19321079656346105}, "mid": {"precision": 0.19721756655714973, "recall": 0.21615027761184846, "f1-measure": 0.19629624416415692}, "high": {"precision": 0.2027778883163708, "recall": 0.22378600261171386, "f1-measure": 0.20006308475414367}}, "rougeLsum": {"low": {"precision": 0.25762247537081495, "recall": 0.2493000877549971, "f1-measure": 0.24336154036861835}, "mid": {"precision": 0.26790903468084887, "recall": 0.2564854208733046, "f1-measure": 0.24798161817001874}, "high": {"precision": 0.27813154532211765, "recall": 0.26409102890680913, "f1-measure": 0.25278778145986014}}}