{"rouge1": {"low": {"precision": 0.38677766899116994, "recall": 0.3785067738679587, "f1-measure": 0.3720041384192356}, "mid": {"precision": 0.3978381913305298, "recall": 0.38966772811715056, "f1-measure": 0.37763740306614013}, "high": {"precision": 0.4093776859836985, "recall": 0.400436676823326, "f1-measure": 0.3837314355086525}}, "rouge2": {"low": {"precision": 0.0893043921421035, "recall": 0.08865377894780202, "f1-measure": 0.084582033525626}, "mid": {"precision": 0.09321493869380519, "recall": 0.09309169147499777, "f1-measure": 0.08765991584503756}, "high": {"precision": 0.09724269001665413, "recall": 0.09766415488322129, "f1-measure": 0.09068781398086898}}, "rougeL": {"low": {"precision": 0.1965487085693789, "recall": 0.20159893525142183, "f1-measure": 0.1925688587137351}, "mid": {"precision": 0.20289764927778361, "recall": 0.20818865538198306, "f1-measure": 0.19601352689724222}, "high": {"precision": 0.20885160606567416, "recall": 0.21468170015313187, "f1-measure": 0.19957438740250863}}, "rougeLsum": {"low": {"precision": 0.25440334209307686, "recall": 0.2436864261511385, "f1-measure": 0.23866590612301097}, "mid": {"precision": 0.26483824717736765, "recall": 0.25103656902707117, "f1-measure": 0.24357951347556667}, "high": {"precision": 0.2758701683841981, "recall": 0.2588609662564706, "f1-measure": 0.24864630411952415}}}