{"rouge1": {"low": {"precision": 0.179457357184106, "recall": 0.49288166366454134, "f1-measure": 0.2526093293275615}, "mid": {"precision": 0.19430884447699331, "recall": 0.5059061305147288, "f1-measure": 0.2675489294296186}, "high": {"precision": 0.2098862540945965, "recall": 0.5194156495901906, "f1-measure": 0.28255800138078674}}, "rouge2": {"low": {"precision": 0.0414997822332287, "recall": 0.11249407589566006, "f1-measure": 0.057751974906831524}, "mid": {"precision": 0.045805298739645825, "recall": 0.12080441268639136, "f1-measure": 0.06308594229141301}, "high": {"precision": 0.050994131303673945, "recall": 0.1296641280208876, "f1-measure": 0.0687555365770517}}, "rougeL": {"low": {"precision": 0.09854161201957327, "recall": 0.27721904522638463, "f1-measure": 0.1399980301373436}, "mid": {"precision": 0.10508267531568444, "recall": 0.2863780180186083, "f1-measure": 0.14624399641022473}, "high": {"precision": 0.11259495205736754, "recall": 0.2963581940279092, "f1-measure": 0.15279023200643863}}, "rougeLsum": {"low": {"precision": 0.10902277954157616, "recall": 0.30325982615067776, "f1-measure": 0.15415967813268608}, "mid": {"precision": 0.11714375599410438, "recall": 0.31408915887676525, "f1-measure": 0.1626058723653922}, "high": {"precision": 0.12698560502592945, "recall": 0.32560885063330663, "f1-measure": 0.17152042487916377}}}