{"rouge1": {"low": {"precision": 0.32456507473650076, "recall": 0.451840945311756, "f1-measure": 0.36697942283568685}, "mid": {"precision": 0.34208829164475635, "recall": 0.46648720186882375, "f1-measure": 0.37989479013965716}, "high": {"precision": 0.3585685722324176, "recall": 0.48112180119946435, "f1-measure": 0.39098751841391716}}, "rouge2": {"low": {"precision": 0.06935884878470495, "recall": 0.09689354226883218, "f1-measure": 0.0783331194584044}, "mid": {"precision": 0.07521944333618048, "recall": 0.10403896685226903, "f1-measure": 0.08386610080331519}, "high": {"precision": 0.08142424316855457, "recall": 0.11149669014477251, "f1-measure": 0.08966806557379445}}, "rougeL": {"low": {"precision": 0.15791187916066213, "recall": 0.22059968087408327, "f1-measure": 0.1798122770840371}, "mid": {"precision": 0.16507797307270006, "recall": 0.2291993362228602, "f1-measure": 0.18417215804924564}, "high": {"precision": 0.17209524168890988, "recall": 0.23860626396011395, "f1-measure": 0.1883335087449936}}, "rougeLsum": {"low": {"precision": 0.18068205430951276, "recall": 0.25133571564593626, "f1-measure": 0.20412794029018383}, "mid": {"precision": 0.1906848508439013, "recall": 0.26328276242260074, "f1-measure": 0.21233834875457683}, "high": {"precision": 0.20217254850286528, "recall": 0.2752848805924694, "f1-measure": 0.22081728873216416}}}