{"rouge1": {"low": {"precision": 0.3211829416254632, "recall": 0.4760341235440404, "f1-measure": 0.3719256098233129}, "mid": {"precision": 0.3384366977831208, "recall": 0.48713495931446504, "f1-measure": 0.38475515852744424}, "high": {"precision": 0.3568873437302555, "recall": 0.4985722940350694, "f1-measure": 0.3976001358929611}}, "rouge2": {"low": {"precision": 0.06756432390628582, "recall": 0.09868507871618053, "f1-measure": 0.0776827706823257}, "mid": {"precision": 0.07356916928598023, "recall": 0.10631099213549194, "f1-measure": 0.0835075243283472}, "high": {"precision": 0.08003759559895855, "recall": 0.11402040982918982, "f1-measure": 0.08968696861768187}}, "rougeL": {"low": {"precision": 0.15142612972218936, "recall": 0.2279237707348786, "f1-measure": 0.17773216750046036}, "mid": {"precision": 0.15815330900434138, "recall": 0.23698827882027945, "f1-measure": 0.18210374580096103}, "high": {"precision": 0.16551797203337373, "recall": 0.24668049455297988, "f1-measure": 0.18686637224683317}}, "rougeLsum": {"low": {"precision": 0.18418955373449863, "recall": 0.2749375313529368, "f1-measure": 0.21465086511745896}, "mid": {"precision": 0.19507195089452142, "recall": 0.28433718914713996, "f1-measure": 0.22238278084171376}, "high": {"precision": 0.2071866902584299, "recall": 0.2946872188093754, "f1-measure": 0.23067116377318322}}}