{"rouge1": {"low": {"precision": 0.35029889665297703, "recall": 0.3321818997956668, "f1-measure": 0.33032659809980025}, "mid": {"precision": 0.36128253839599384, "recall": 0.3427533503690616, "f1-measure": 0.33718940405623465}, "high": {"precision": 0.37181716784208324, "recall": 0.3521240252649485, "f1-measure": 0.343790171186023}}, "rouge2": {"low": {"precision": 0.07129161620917071, "recall": 0.07163234464267029, "f1-measure": 0.06710128359592568}, "mid": {"precision": 0.07512968568721143, "recall": 0.07607323843283777, "f1-measure": 0.070404844950004}, "high": {"precision": 0.0793069608535414, "recall": 0.08113481527230472, "f1-measure": 0.07423305648387257}}, "rougeL": {"low": {"precision": 0.18883065726886278, "recall": 0.19549212643510686, "f1-measure": 0.18432259028374995}, "mid": {"precision": 0.19488662957570618, "recall": 0.20247345470020311, "f1-measure": 0.18790166403286923}, "high": {"precision": 0.20116944248227672, "recall": 0.20901870849903262, "f1-measure": 0.19162116551982333}}, "rougeLsum": {"low": {"precision": 0.23607120840620435, "recall": 0.22719079923737973, "f1-measure": 0.22151873888551804}, "mid": {"precision": 0.24518678545054606, "recall": 0.2345756900507668, "f1-measure": 0.22618493189075584}, "high": {"precision": 0.2539395618742789, "recall": 0.24217681312657768, "f1-measure": 0.2311422595937576}}}