{"rouge1": {"low": {"precision": 0.311653867094002, "recall": 0.48978164103015825, "f1-measure": 0.37055677257022596}, "mid": {"precision": 0.3298581839244771, "recall": 0.501687283693727, "f1-measure": 0.3841542932059566}, "high": {"precision": 0.34812539610722093, "recall": 0.5136501613306038, "f1-measure": 0.3981726162005289}}, "rouge2": {"low": {"precision": 0.07111623799997963, "recall": 0.11029404119388853, "f1-measure": 0.08395278781928694}, "mid": {"precision": 0.07724877312672632, "recall": 0.11824056078168269, "f1-measure": 0.08988759144994427}, "high": {"precision": 0.0839416533336428, "recall": 0.12609344513152498, "f1-measure": 0.09584949630811875}}, "rougeL": {"low": {"precision": 0.1495894739529426, "recall": 0.23663029182656392, "f1-measure": 0.17914789001246995}, "mid": {"precision": 0.15666111206509908, "recall": 0.24636243933805732, "f1-measure": 0.1840848485149259}, "high": {"precision": 0.16383515918068567, "recall": 0.25579319731647726, "f1-measure": 0.18915777539018028}}, "rougeLsum": {"low": {"precision": 0.18117607121578821, "recall": 0.2852948101249802, "f1-measure": 0.21589769974150086}, "mid": {"precision": 0.19157152270944106, "recall": 0.2954101158506558, "f1-measure": 0.22358316418144458}, "high": {"precision": 0.2037403293392055, "recall": 0.3059442096145901, "f1-measure": 0.23220675361843768}}}