{"rouge1": {"low": {"precision": 0.3297809484819904, "recall": 0.4302180736852599, "f1-measure": 0.3606756059782374}, "mid": {"precision": 0.3477211570006655, "recall": 0.44656835126174654, "f1-measure": 0.3725350247699948}, "high": {"precision": 0.36714091603760024, "recall": 0.4639142884892613, "f1-measure": 0.38482669319555557}}, "rouge2": {"low": {"precision": 0.0711863032494104, "recall": 0.09296926261564324, "f1-measure": 0.07738579499844646}, "mid": {"precision": 0.07835493515152711, "recall": 0.10091706667418598, "f1-measure": 0.08369619653694868}, "high": {"precision": 0.08549678333510527, "recall": 0.10890358602981016, "f1-measure": 0.09038868869318302}}, "rougeL": {"low": {"precision": 0.16126273021516607, "recall": 0.21228979451373886, "f1-measure": 0.17708071683359197}, "mid": {"precision": 0.16987290339276573, "recall": 0.2210405713593288, "f1-measure": 0.18258223201646578}, "high": {"precision": 0.17782526053357783, "recall": 0.23180984832065155, "f1-measure": 0.1875094901804258}}, "rougeLsum": {"low": {"precision": 0.18282728257477876, "recall": 0.24126173784104943, "f1-measure": 0.20079805442430063}, "mid": {"precision": 0.19422561558947204, "recall": 0.2531181679430489, "f1-measure": 0.20849042335467685}, "high": {"precision": 0.2054337033954164, "recall": 0.2657099734857964, "f1-measure": 0.2166147904830701}}}