{"rouge1": {"low": {"precision": 0.44003360460191804, "recall": 0.41324473206342227, "f1-measure": 0.41748828085534984}, "mid": {"precision": 0.4521210772455373, "recall": 0.4247136120322683, "f1-measure": 0.42286928300897064}, "high": {"precision": 0.4644816800888068, "recall": 0.43559822122627584, "f1-measure": 0.42817351284109806}}, "rouge2": {"low": {"precision": 0.11832663361581498, "recall": 0.10906626421229344, "f1-measure": 0.1084910257247563}, "mid": {"precision": 0.12375305882414395, "recall": 0.11405083630176663, "f1-measure": 0.11219366457810451}, "high": {"precision": 0.1297923839003284, "recall": 0.11926831494320998, "f1-measure": 0.11644198928797551}}, "rougeL": {"low": {"precision": 0.22048939980628263, "recall": 0.22287483304371075, "f1-measure": 0.2144971353694779}, "mid": {"precision": 0.22795830778276632, "recall": 0.22971196117293644, "f1-measure": 0.21857227792636783}, "high": {"precision": 0.23487372384204244, "recall": 0.23693299059493408, "f1-measure": 0.2230809698436275}}, "rougeLsum": {"low": {"precision": 0.2975241863180881, "recall": 0.2743081158768251, "f1-measure": 0.27484220608748733}, "mid": {"precision": 0.3096121862665776, "recall": 0.2827491531110651, "f1-measure": 0.2799993805814557}, "high": {"precision": 0.3203209900012877, "recall": 0.29130896158919595, "f1-measure": 0.2853392261108306}}}