{"rouge1": {"low": {"precision": 0.3500926473234643, "recall": 0.34451822649771446, "f1-measure": 0.3370745027846247}, "mid": {"precision": 0.3599539927546983, "recall": 0.35683710432737814, "f1-measure": 0.3438442648896145}, "high": {"precision": 0.3701053670455036, "recall": 0.3683587436255057, "f1-measure": 0.35041548742653406}}, "rouge2": {"low": {"precision": 0.06844093990515368, "recall": 0.07274145761142085, "f1-measure": 0.06694364988628915}, "mid": {"precision": 0.07208486832037286, "recall": 0.07733199793084668, "f1-measure": 0.07044798816881194}, "high": {"precision": 0.07585459954336686, "recall": 0.08205125136778191, "f1-measure": 0.07386355910913386}}, "rougeL": {"low": {"precision": 0.1806050518797324, "recall": 0.19128742640328913, "f1-measure": 0.17929431743443058}, "mid": {"precision": 0.18589213673511137, "recall": 0.1987281649248048, "f1-measure": 0.1827474995656771}, "high": {"precision": 0.1914403885144989, "recall": 0.20517323880699187, "f1-measure": 0.1863342474756304}}, "rougeLsum": {"low": {"precision": 0.24207706827897849, "recall": 0.2338951809245584, "f1-measure": 0.22785741047091773}, "mid": {"precision": 0.25075154292597457, "recall": 0.24260635902072555, "f1-measure": 0.23273848798326513}, "high": {"precision": 0.2601346648427011, "recall": 0.25066589691019375, "f1-measure": 0.23761599743227316}}}