{"rouge1": {"low": {"precision": 0.32335679448680876, "recall": 0.38144453340154133, "f1-measure": 0.3228795417970204}, "mid": {"precision": 0.3496879044619229, "recall": 0.401384873220229, "f1-measure": 0.33712385767437253}, "high": {"precision": 0.37865689461066554, "recall": 0.4201236683476573, "f1-measure": 0.3511516032589905}}, "rouge2": {"low": {"precision": 0.07265157758696388, "recall": 0.08335280659162059, "f1-measure": 0.07152676446374658}, "mid": {"precision": 0.0809556554202564, "recall": 0.09172219033812967, "f1-measure": 0.07760797219152904}, "high": {"precision": 0.08895101824673016, "recall": 0.1001189456921864, "f1-measure": 0.0834911501130597}}, "rougeL": {"low": {"precision": 0.17230634850869225, "recall": 0.2045690493867103, "f1-measure": 0.17258490950666477}, "mid": {"precision": 0.18567818630985725, "recall": 0.21554783296507482, "f1-measure": 0.1791463232101634}, "high": {"precision": 0.2004666896519646, "recall": 0.22598376271593257, "f1-measure": 0.1849072771917496}}, "rougeLsum": {"low": {"precision": 0.1968175885898283, "recall": 0.23397747004483696, "f1-measure": 0.19671594235215606}, "mid": {"precision": 0.21279861401097996, "recall": 0.24836652987761365, "f1-measure": 0.20617925547355836}, "high": {"precision": 0.22842781203027868, "recall": 0.2627182643325559, "f1-measure": 0.21459432311908455}}}