{"rouge1": {"low": {"precision": 0.36151336076741003, "recall": 0.40162431065309784, "f1-measure": 0.37108729896645193}, "mid": {"precision": 0.3718116494178285, "recall": 0.4118596334684104, "f1-measure": 0.37694597989151274}, "high": {"precision": 0.381981668104162, "recall": 0.42253311744364014, "f1-measure": 0.38273212747710766}}, "rouge2": {"low": {"precision": 0.07173519443388891, "recall": 0.08703121373288311, "f1-measure": 0.07483990095490743}, "mid": {"precision": 0.07530122371247647, "recall": 0.09182854029906001, "f1-measure": 0.07800154534424561}, "high": {"precision": 0.0788675831862939, "recall": 0.09684768900211173, "f1-measure": 0.08083511765235417}}, "rougeL": {"low": {"precision": 0.1749161544401837, "recall": 0.21035111704991727, "f1-measure": 0.18640547766132784}, "mid": {"precision": 0.17921340190447985, "recall": 0.2174103196978081, "f1-measure": 0.1888544898486893}, "high": {"precision": 0.18385534676774304, "recall": 0.22408018216405726, "f1-measure": 0.19148995119904777}}, "rougeLsum": {"low": {"precision": 0.2473143097803781, "recall": 0.275739852223543, "f1-measure": 0.2506536337566327}, "mid": {"precision": 0.25666268842051954, "recall": 0.28304776828035405, "f1-measure": 0.255158939065671}, "high": {"precision": 0.26631466917994734, "recall": 0.29069824386600845, "f1-measure": 0.25951517930330953}}}