{"rouge1": {"low": {"precision": 0.3846446074261161, "recall": 0.37274200172399713, "f1-measure": 0.367284321091526}, "mid": {"precision": 0.40437752608946614, "recall": 0.3870467931846744, "f1-measure": 0.37848888647261125}, "high": {"precision": 0.4228196500029245, "recall": 0.40159600294753056, "f1-measure": 0.3889908388679676}}, "rouge2": {"low": {"precision": 0.08468172351373308, "recall": 0.07906589727058001, "f1-measure": 0.07931188294490109}, "mid": {"precision": 0.09355116241044256, "recall": 0.08637398144585168, "f1-measure": 0.08622436203168025}, "high": {"precision": 0.10255357881958901, "recall": 0.09403522192706755, "f1-measure": 0.09392705664016555}}, "rougeL": {"low": {"precision": 0.1899570720671495, "recall": 0.18433345333580717, "f1-measure": 0.18210566867095726}, "mid": {"precision": 0.19957056495410508, "recall": 0.1934943927203739, "f1-measure": 0.1878214092172245}, "high": {"precision": 0.20990967428999419, "recall": 0.20376159055488863, "f1-measure": 0.19417312005031367}}, "rougeLsum": {"low": {"precision": 0.22022028615123881, "recall": 0.21351217259197283, "f1-measure": 0.2104860794050199}, "mid": {"precision": 0.23392910931907995, "recall": 0.2235740708511411, "f1-measure": 0.21854163499758783}, "high": {"precision": 0.24799021650078446, "recall": 0.23420390978032124, "f1-measure": 0.2265068841711677}}}