{"rouge1": {"low": {"precision": 0.40288375427689604, "recall": 0.3868667922096234, "f1-measure": 0.3839049577047332}, "mid": {"precision": 0.41294878765454834, "recall": 0.3994514811898767, "f1-measure": 0.39140553533995803}, "high": {"precision": 0.423439120896562, "recall": 0.41105226654055005, "f1-measure": 0.39840154945868217}}, "rouge2": {"low": {"precision": 0.08884879523284593, "recall": 0.09100699291321011, "f1-measure": 0.08594820909839557}, "mid": {"precision": 0.0931145517462062, "recall": 0.09652224810122018, "f1-measure": 0.08997842615444389}, "high": {"precision": 0.09730052108012774, "recall": 0.10196530287467714, "f1-measure": 0.09393014380382754}}, "rougeL": {"low": {"precision": 0.1990220571948605, "recall": 0.21012733293986788, "f1-measure": 0.19751584320009946}, "mid": {"precision": 0.2043701832500121, "recall": 0.2173009340445512, "f1-measure": 0.2012244045956341}, "high": {"precision": 0.20997156399850608, "recall": 0.22472812956518978, "f1-measure": 0.20515914154860163}}, "rougeLsum": {"low": {"precision": 0.2644019436456171, "recall": 0.24937708761047603, "f1-measure": 0.24609358134150403}, "mid": {"precision": 0.27466673985911744, "recall": 0.2573532466314457, "f1-measure": 0.2514483731472258}, "high": {"precision": 0.2840667698286875, "recall": 0.2657087687391349, "f1-measure": 0.2567433599971165}}}