{"rouge1": {"low": {"precision": 0.24887669710484953, "recall": 0.5255559782431365, "f1-measure": 0.3277688001395312}, "mid": {"precision": 0.264594827803462, "recall": 0.5382359951009077, "f1-measure": 0.3429642515793355}, "high": {"precision": 0.2815466027128066, "recall": 0.5512792733963235, "f1-measure": 0.3579519405216145}}, "rouge2": {"low": {"precision": 0.058757064654496684, "recall": 0.12311760754425313, "f1-measure": 0.07737658181668573}, "mid": {"precision": 0.06396477544926527, "recall": 0.13066297746421818, "f1-measure": 0.082802438951764}, "high": {"precision": 0.06939834394528535, "recall": 0.1388576798189711, "f1-measure": 0.08879913478810904}}, "rougeL": {"low": {"precision": 0.1230212624705778, "recall": 0.26427217823138893, "f1-measure": 0.16415418249605454}, "mid": {"precision": 0.12981161321016887, "recall": 0.27367782596846546, "f1-measure": 0.16964227820339967}, "high": {"precision": 0.13651379175315934, "recall": 0.2844953835644557, "f1-measure": 0.17541264263685694}}, "rougeLsum": {"low": {"precision": 0.15903946639216227, "recall": 0.33976595181963, "f1-measure": 0.21069122676825594}, "mid": {"precision": 0.1692410559765375, "recall": 0.35191478511248697, "f1-measure": 0.2205015294602324}, "high": {"precision": 0.17938339048152277, "recall": 0.3652824544070455, "f1-measure": 0.23036104865381563}}}