{"rouge1": {"low": {"precision": 0.4197423301438941, "recall": 0.3194084813019315, "f1-measure": 0.34691773617665905}, "mid": {"precision": 0.43022202442290114, "recall": 0.3307757047505321, "f1-measure": 0.35452088723769415}, "high": {"precision": 0.44062657051653814, "recall": 0.34328571590080686, "f1-measure": 0.3624131987631637}}, "rouge2": {"low": {"precision": 0.08873188793119736, "recall": 0.06966818885562462, "f1-measure": 0.07293684924691415}, "mid": {"precision": 0.09341211897363524, "recall": 0.07396976237752048, "f1-measure": 0.07629424496716739}, "high": {"precision": 0.09857043358107313, "recall": 0.07833240078600234, "f1-measure": 0.07978435475551127}}, "rougeL": {"low": {"precision": 0.22049181063025564, "recall": 0.176083262760604, "f1-measure": 0.1861846622249617}, "mid": {"precision": 0.22807799791136396, "recall": 0.1832687776074602, "f1-measure": 0.19024593092637426}, "high": {"precision": 0.23562641013701177, "recall": 0.19022817718875545, "f1-measure": 0.19424840856007786}}, "rougeLsum": {"low": {"precision": 0.28210455503002385, "recall": 0.21065193978665567, "f1-measure": 0.22758248830532515}, "mid": {"precision": 0.29153846206102474, "recall": 0.21975564883565926, "f1-measure": 0.2333100389149811}, "high": {"precision": 0.3027852519596337, "recall": 0.228644523335924, "f1-measure": 0.23953361903840295}}}