{"rouge1": {"low": {"precision": 0.43792023921325873, "recall": 0.3950141446500852, "f1-measure": 0.40806008549630507}, "mid": {"precision": 0.4505448891849152, "recall": 0.4050269779061543, "f1-measure": 0.4134096454240202}, "high": {"precision": 0.4634138866715732, "recall": 0.41454960327292395, "f1-measure": 0.4184202873155966}}, "rouge2": {"low": {"precision": 0.11194813451319716, "recall": 0.0973585187343291, "f1-measure": 0.10030590787802911}, "mid": {"precision": 0.11761264851908937, "recall": 0.10130648552993099, "f1-measure": 0.104025072574688}, "high": {"precision": 0.12324029256125778, "recall": 0.10568687493315285, "f1-measure": 0.10793644620602494}}, "rougeL": {"low": {"precision": 0.22329684066454167, "recall": 0.20954475195974953, "f1-measure": 0.2104562928159512}, "mid": {"precision": 0.23023355223544195, "recall": 0.2157790886147155, "f1-measure": 0.21385069207302948}, "high": {"precision": 0.23749239100255495, "recall": 0.22217801921649113, "f1-measure": 0.21764922926301764}}, "rougeLsum": {"low": {"precision": 0.2787446982844081, "recall": 0.24075163366590613, "f1-measure": 0.25038728304769436}, "mid": {"precision": 0.2898225987747066, "recall": 0.24704384107168703, "f1-measure": 0.2556744993846419}, "high": {"precision": 0.3010090277512439, "recall": 0.2540365999983094, "f1-measure": 0.2610068509123364}}}