{"rouge1": {"low": {"precision": 0.34443704318663165, "recall": 0.38368062121073354, "f1-measure": 0.34614768523807254}, "mid": {"precision": 0.36660253673829724, "recall": 0.39980294192795385, "f1-measure": 0.3586423471794557}, "high": {"precision": 0.387580258349243, "recall": 0.4167400007213345, "f1-measure": 0.37158889304432746}}, "rouge2": {"low": {"precision": 0.07760515905939082, "recall": 0.08468828296652375, "f1-measure": 0.0764110905717936}, "mid": {"precision": 0.08558898603843065, "recall": 0.09139561926546108, "f1-measure": 0.08252555414425396}, "high": {"precision": 0.09353261529718886, "recall": 0.09890509999853218, "f1-measure": 0.08872215651645089}}, "rougeL": {"low": {"precision": 0.1770065598599421, "recall": 0.19960565414614476, "f1-measure": 0.17961740001296467}, "mid": {"precision": 0.18803411106028994, "recall": 0.20982528944454001, "f1-measure": 0.1850660520009809}, "high": {"precision": 0.19956133450807634, "recall": 0.2213883496942463, "f1-measure": 0.1905383048254009}}, "rougeLsum": {"low": {"precision": 0.20329280084934187, "recall": 0.2297625108199344, "f1-measure": 0.20553542573382572}, "mid": {"precision": 0.21662066053500434, "recall": 0.24306564525985214, "f1-measure": 0.21395958998057607}, "high": {"precision": 0.23049790575239387, "recall": 0.25795743898318557, "f1-measure": 0.22306825945675623}}}