{"rouge1": {"low": {"precision": 0.3645606908593975, "recall": 0.35911064054322445, "f1-measure": 0.35136938876802104}, "mid": {"precision": 0.37497000563208494, "recall": 0.37023213732516036, "f1-measure": 0.3577968945091673}, "high": {"precision": 0.3858507405076008, "recall": 0.3799746975077823, "f1-measure": 0.3635700264193153}}, "rouge2": {"low": {"precision": 0.07723805487223437, "recall": 0.07864867849700156, "f1-measure": 0.07391848889611856}, "mid": {"precision": 0.08159122653652173, "recall": 0.08343215784856844, "f1-measure": 0.07751220638725284}, "high": {"precision": 0.08601156334118586, "recall": 0.08865633388953242, "f1-measure": 0.08127298332677318}}, "rougeL": {"low": {"precision": 0.18716765763641066, "recall": 0.19452407924211762, "f1-measure": 0.18328640379611774}, "mid": {"precision": 0.19222864582013077, "recall": 0.20142373362435573, "f1-measure": 0.18662266252327714}, "high": {"precision": 0.19767981632131248, "recall": 0.208819982197326, "f1-measure": 0.19060082794032893}}, "rougeLsum": {"low": {"precision": 0.2466392100951838, "recall": 0.23494426920827197, "f1-measure": 0.23037384328865307}, "mid": {"precision": 0.255694899661751, "recall": 0.2433913446630868, "f1-measure": 0.2350451059674378}, "high": {"precision": 0.2652622022053136, "recall": 0.2511809959477656, "f1-measure": 0.24018217274148917}}}