{"rouge1": {"low": {"precision": 0.4090358863871208, "recall": 0.38511637010913974, "f1-measure": 0.3850364454514385}, "mid": {"precision": 0.4201682328273065, "recall": 0.3975169009921389, "f1-measure": 0.39190586256691706}, "high": {"precision": 0.4313507131166023, "recall": 0.4110249752921596, "f1-measure": 0.3995701210606412}}, "rouge2": {"low": {"precision": 0.09545869856419513, "recall": 0.0898942611074804, "f1-measure": 0.08787895838726571}, "mid": {"precision": 0.10071907448353176, "recall": 0.09549647567729941, "f1-measure": 0.09256844930674528}, "high": {"precision": 0.10657371244390014, "recall": 0.10136420940860749, "f1-measure": 0.09752705565597185}}, "rougeL": {"low": {"precision": 0.20388709449303816, "recall": 0.2072423022757042, "f1-measure": 0.19798524818927582}, "mid": {"precision": 0.2111827190583913, "recall": 0.21539607853203047, "f1-measure": 0.20233579623949657}, "high": {"precision": 0.21786105079619716, "recall": 0.22378138838933512, "f1-measure": 0.2074116348117411}}, "rougeLsum": {"low": {"precision": 0.28147321563542327, "recall": 0.2533982537389781, "f1-measure": 0.2550571544879559}, "mid": {"precision": 0.291949923678327, "recall": 0.26282223274387, "f1-measure": 0.2606987964296865}, "high": {"precision": 0.3031162521529811, "recall": 0.272695857299335, "f1-measure": 0.2667936535770282}}}