{"rouge1": {"low": {"precision": 0.32080102990736864, "recall": 0.4317403372993997, "f1-measure": 0.3583308901062219}, "mid": {"precision": 0.3372591573796291, "recall": 0.4475469088799302, "f1-measure": 0.3697218972244821}, "high": {"precision": 0.3550091166774847, "recall": 0.46208424928429925, "f1-measure": 0.3821814159620052}}, "rouge2": {"low": {"precision": 0.0621081600785118, "recall": 0.08322039122188996, "f1-measure": 0.06869734557169327}, "mid": {"precision": 0.06822334289051224, "recall": 0.09004916974121926, "f1-measure": 0.07461885262805379}, "high": {"precision": 0.07445461798584581, "recall": 0.09690594078867351, "f1-measure": 0.08095862849595845}}, "rougeL": {"low": {"precision": 0.15183020777925216, "recall": 0.20761626155010277, "f1-measure": 0.1703275453364554}, "mid": {"precision": 0.15951632671386523, "recall": 0.21542918142741313, "f1-measure": 0.17588094035478968}, "high": {"precision": 0.16733161581324954, "recall": 0.22333692323241114, "f1-measure": 0.18128647810502774}}, "rougeLsum": {"low": {"precision": 0.16718147123099664, "recall": 0.22798298291854877, "f1-measure": 0.18684791039152282}, "mid": {"precision": 0.17717842299231396, "recall": 0.23687413023355347, "f1-measure": 0.19434614511446524}, "high": {"precision": 0.1863778612998535, "recall": 0.24705656731946557, "f1-measure": 0.20191813877540946}}}