{"rouge1": {"low": {"precision": 0.3325897829744104, "recall": 0.39550392100323817, "f1-measure": 0.34458231827040053}, "mid": {"precision": 0.3542061891139258, "recall": 0.41152754458934615, "f1-measure": 0.3566418148885333}, "high": {"precision": 0.375826214743857, "recall": 0.4284234501193794, "f1-measure": 0.36823191275452544}}, "rouge2": {"low": {"precision": 0.07364145999841662, "recall": 0.08665515477948853, "f1-measure": 0.0752990929829564}, "mid": {"precision": 0.08091639959108923, "recall": 0.0949144584727769, "f1-measure": 0.08170211131608436}, "high": {"precision": 0.0883793844650752, "recall": 0.1024113437553996, "f1-measure": 0.08815829463849253}}, "rougeL": {"low": {"precision": 0.17097909896800223, "recall": 0.20461610622925788, "f1-measure": 0.17813255366261693}, "mid": {"precision": 0.18200252039856574, "recall": 0.2151881343523186, "f1-measure": 0.18374858948418038}, "high": {"precision": 0.192390979733695, "recall": 0.22665674731975952, "f1-measure": 0.18924716957170898}}, "rougeLsum": {"low": {"precision": 0.1948396554078522, "recall": 0.23332078956800026, "f1-measure": 0.2017643869259786}, "mid": {"precision": 0.20799723169775763, "recall": 0.24667244311123038, "f1-measure": 0.21062221867204511}, "high": {"precision": 0.22210481283437328, "recall": 0.2590503179548948, "f1-measure": 0.2198900108211494}}}