{"rouge1": {"low": {"precision": 0.2446797106497264, "recall": 0.52496306178316, "f1-measure": 0.32582436351045957}, "mid": {"precision": 0.25854446109428886, "recall": 0.538502163859425, "f1-measure": 0.33807400978188984}, "high": {"precision": 0.27349216282381733, "recall": 0.5507558064782778, "f1-measure": 0.35097271967864135}}, "rouge2": {"low": {"precision": 0.049635050999355064, "recall": 0.10670302030042968, "f1-measure": 0.06615429601498059}, "mid": {"precision": 0.05361972730401427, "recall": 0.11353549575320032, "f1-measure": 0.07049040246402075}, "high": {"precision": 0.057763631635695326, "recall": 0.12149176408532089, "f1-measure": 0.07493595131919689}}, "rougeL": {"low": {"precision": 0.11665360673438142, "recall": 0.2518893071706034, "f1-measure": 0.15571686011761768}, "mid": {"precision": 0.12199542803216522, "recall": 0.2604654192851322, "f1-measure": 0.1605015836836378}, "high": {"precision": 0.12806314376311434, "recall": 0.27042588266294176, "f1-measure": 0.16555314918310748}}, "rougeLsum": {"low": {"precision": 0.14611717553738876, "recall": 0.31531695096508033, "f1-measure": 0.19511987536633704}, "mid": {"precision": 0.1555190866139046, "recall": 0.32640212906342014, "f1-measure": 0.20329629874031072}, "high": {"precision": 0.16416991794663413, "recall": 0.3377925376912778, "f1-measure": 0.21164112039902944}}}