{"rouge1": {"low": {"precision": 0.44013555605474397, "recall": 0.32141034334539503, "f1-measure": 0.35868767129510065}, "mid": {"precision": 0.4519338318733833, "recall": 0.33216694808078323, "f1-measure": 0.3656370839626517}, "high": {"precision": 0.4651827296937466, "recall": 0.3431049912213793, "f1-measure": 0.37287334763523833}}, "rouge2": {"low": {"precision": 0.10917334664042046, "recall": 0.07621971136407266, "f1-measure": 0.08444050588955296}, "mid": {"precision": 0.11659063623379683, "recall": 0.08058510853773367, "f1-measure": 0.08859078909483159}, "high": {"precision": 0.1245977524366412, "recall": 0.08580286478579058, "f1-measure": 0.09294349815348568}}, "rougeL": {"low": {"precision": 0.23768679437941748, "recall": 0.1801896746445216, "f1-measure": 0.1963233857154724}, "mid": {"precision": 0.24626828934570266, "recall": 0.1868431732258956, "f1-measure": 0.20040656244549254}, "high": {"precision": 0.2556090635886704, "recall": 0.19379378781239606, "f1-measure": 0.20462773434083184}}, "rougeLsum": {"low": {"precision": 0.29343213281937813, "recall": 0.20946026652861394, "f1-measure": 0.23351459838494507}, "mid": {"precision": 0.3042987845922315, "recall": 0.21810526840618005, "f1-measure": 0.23931050846524923}, "high": {"precision": 0.3144138929571676, "recall": 0.22680188824622674, "f1-measure": 0.24515593828060353}}}