{"rouge1": {"low": {"precision": 0.3373353512371552, "recall": 0.3390974096386064, "f1-measure": 0.3290570150551249}, "mid": {"precision": 0.34523811157582285, "recall": 0.34790349336790316, "f1-measure": 0.33380339429406475}, "high": {"precision": 0.3539939706401989, "recall": 0.3568137251106826, "f1-measure": 0.3385979094909386}}, "rouge2": {"low": {"precision": 0.05565848789081632, "recall": 0.06382696800348289, "f1-measure": 0.056924153415330095}, "mid": {"precision": 0.05809390474313148, "recall": 0.06728440098028693, "f1-measure": 0.05909270883796041}, "high": {"precision": 0.06069888046333257, "recall": 0.07086739345163892, "f1-measure": 0.06141352445119068}}, "rougeL": {"low": {"precision": 0.16768373470927522, "recall": 0.18839659038377246, "f1-measure": 0.17152100743197685}, "mid": {"precision": 0.17200364979669203, "recall": 0.19465921476340883, "f1-measure": 0.1742041970317617}, "high": {"precision": 0.17677878011948958, "recall": 0.20089747318421838, "f1-measure": 0.17683479128296414}}, "rougeLsum": {"low": {"precision": 0.2366295445940493, "recall": 0.23834429045579586, "f1-measure": 0.2283683556253228}, "mid": {"precision": 0.24564602698342117, "recall": 0.2458341403261643, "f1-measure": 0.2325051926393742}, "high": {"precision": 0.2551174657239767, "recall": 0.2535662176960026, "f1-measure": 0.23666717569391435}}}