{"rouge1": {"low": {"precision": 0.34294114565967554, "recall": 0.45074267514671296, "f1-measure": 0.3780093304067116}, "mid": {"precision": 0.3619237376929318, "recall": 0.4675463420607969, "f1-measure": 0.3885283040265348}, "high": {"precision": 0.3802807848140721, "recall": 0.482936979768217, "f1-measure": 0.3987802529002739}}, "rouge2": {"low": {"precision": 0.07709126170819604, "recall": 0.09829064642583706, "f1-measure": 0.083106761100814}, "mid": {"precision": 0.08403597826054474, "recall": 0.10543869868108924, "f1-measure": 0.08914111253467977}, "high": {"precision": 0.09232740407712295, "recall": 0.11341209712339556, "f1-measure": 0.09579743439504165}}, "rougeL": {"low": {"precision": 0.16544967795922846, "recall": 0.21733724920325193, "f1-measure": 0.18202943786303127}, "mid": {"precision": 0.17473187396086085, "recall": 0.22669308884898676, "f1-measure": 0.18754508468120476}, "high": {"precision": 0.1849181159821543, "recall": 0.2358040111050241, "f1-measure": 0.19353198580235326}}, "rougeLsum": {"low": {"precision": 0.18171134816584952, "recall": 0.24053713235414317, "f1-measure": 0.19951998313765493}, "mid": {"precision": 0.19351712476872546, "recall": 0.2501525280515424, "f1-measure": 0.20741547718775188}, "high": {"precision": 0.20571755171104597, "recall": 0.2613314506476856, "f1-measure": 0.21551332628001266}}}