{"rouge1": {"low": {"precision": 0.3447629742626927, "recall": 0.400188492738033, "f1-measure": 0.35816680401815626}, "mid": {"precision": 0.3640986297962271, "recall": 0.4175009691982554, "f1-measure": 0.36965448686758884}, "high": {"precision": 0.3840006715333719, "recall": 0.43501244749713613, "f1-measure": 0.3810391165052695}}, "rouge2": {"low": {"precision": 0.07267540434290579, "recall": 0.08346499970010111, "f1-measure": 0.07451046021437116}, "mid": {"precision": 0.07954626082393434, "recall": 0.09081398313428012, "f1-measure": 0.08049986601277132}, "high": {"precision": 0.08636651555361516, "recall": 0.09781530788986414, "f1-measure": 0.08683981164761616}}, "rougeL": {"low": {"precision": 0.16830053045530108, "recall": 0.19628572194971425, "f1-measure": 0.17480273377863753}, "mid": {"precision": 0.17675320409611678, "recall": 0.20446194987000152, "f1-measure": 0.1800137451777658}, "high": {"precision": 0.18678983208190747, "recall": 0.2134246810043999, "f1-measure": 0.18526982768485584}}, "rougeLsum": {"low": {"precision": 0.18170999128044535, "recall": 0.21135361934038402, "f1-measure": 0.18851044538212244}, "mid": {"precision": 0.19233083045563185, "recall": 0.22192803035914055, "f1-measure": 0.19543655823278988}, "high": {"precision": 0.20360149698725782, "recall": 0.2332312804049111, "f1-measure": 0.20309683914089724}}}