{"rouge1": {"low": {"precision": 0.18696911971361277, "recall": 0.5277586626988443, "f1-measure": 0.26501944537773525}, "mid": {"precision": 0.20408111013496577, "recall": 0.5410370725185083, "f1-measure": 0.2810054735247678}, "high": {"precision": 0.2211541490115584, "recall": 0.5545756215656913, "f1-measure": 0.29633079700553233}}, "rouge2": {"low": {"precision": 0.045901605838281026, "recall": 0.12909714517216428, "f1-measure": 0.06493812322161113}, "mid": {"precision": 0.05099915420868053, "recall": 0.13753684126346766, "f1-measure": 0.0704789673177818}, "high": {"precision": 0.05627127873115079, "recall": 0.14583920814775503, "f1-measure": 0.07620628169441601}}, "rougeL": {"low": {"precision": 0.1014465138055955, "recall": 0.2901202407422974, "f1-measure": 0.14473808947793512}, "mid": {"precision": 0.10859173011739794, "recall": 0.30046963582543473, "f1-measure": 0.1512491644062685}, "high": {"precision": 0.11618873177682283, "recall": 0.31164294352718414, "f1-measure": 0.15768933278628033}}, "rougeLsum": {"low": {"precision": 0.11433572951572075, "recall": 0.32430018376583586, "f1-measure": 0.16253955243691065}, "mid": {"precision": 0.12477596281243944, "recall": 0.33631690506893397, "f1-measure": 0.17247242777199623}, "high": {"precision": 0.13553222922171268, "recall": 0.34897197479549147, "f1-measure": 0.1830678066806168}}}