{"rouge1": {"low": {"precision": 0.32045663967228016, "recall": 0.5023050122707196, "f1-measure": 0.38192788318585974}, "mid": {"precision": 0.33799989226498717, "recall": 0.5171972698980951, "f1-measure": 0.3946465805303303}, "high": {"precision": 0.35534162931439206, "recall": 0.531504922930921, "f1-measure": 0.4074657879357585}}, "rouge2": {"low": {"precision": 0.0687287296366942, "recall": 0.10727174727668581, "f1-measure": 0.0813862326131648}, "mid": {"precision": 0.0743145331707571, "recall": 0.11491978238915737, "f1-measure": 0.08696901216708096}, "high": {"precision": 0.08019798565405048, "recall": 0.12193424775233856, "f1-measure": 0.0929513892550023}}, "rougeL": {"low": {"precision": 0.14954121919959787, "recall": 0.23676719452086736, "f1-measure": 0.1791003173949613}, "mid": {"precision": 0.15653136580562843, "recall": 0.2461303066517287, "f1-measure": 0.18433748264531977}, "high": {"precision": 0.16362415527139607, "recall": 0.2561945716705131, "f1-measure": 0.1900315139501561}}, "rougeLsum": {"low": {"precision": 0.1789669512726035, "recall": 0.28205201309183736, "f1-measure": 0.21350822690180202}, "mid": {"precision": 0.18944024716280866, "recall": 0.2919547365408259, "f1-measure": 0.2210530981208398}, "high": {"precision": 0.20098237452060663, "recall": 0.3021984444634145, "f1-measure": 0.22922549762278502}}}