{"rouge1": {"low": {"precision": 0.27970173961965145, "recall": 0.4597183324433494, "f1-measure": 0.32896430336061766}, "mid": {"precision": 0.3011314862760011, "recall": 0.47525860406262666, "f1-measure": 0.34491448767314603}, "high": {"precision": 0.32322768619959485, "recall": 0.4919860259027895, "f1-measure": 0.35960978593041615}}, "rouge2": {"low": {"precision": 0.06508875235784407, "recall": 0.10419327316390055, "f1-measure": 0.07541924735461}, "mid": {"precision": 0.07170811528784066, "recall": 0.11169132762362215, "f1-measure": 0.08154459075227424}, "high": {"precision": 0.07900138133765293, "recall": 0.12066528235320614, "f1-measure": 0.08797639218519167}}, "rougeL": {"low": {"precision": 0.14446389789021818, "recall": 0.2384694956093285, "f1-measure": 0.17038953871435847}, "mid": {"precision": 0.15424460160611522, "recall": 0.24793958638409874, "f1-measure": 0.17662822425783375}, "high": {"precision": 0.16531200229853454, "recall": 0.25819788533208815, "f1-measure": 0.1826654895937908}}, "rougeLsum": {"low": {"precision": 0.16997177299960162, "recall": 0.2813341247727391, "f1-measure": 0.20049998266484695}, "mid": {"precision": 0.1824903885327514, "recall": 0.29398176715029684, "f1-measure": 0.2095351545045821}, "high": {"precision": 0.19613842264961764, "recall": 0.3069917215181557, "f1-measure": 0.21841619346223276}}}