{"rouge1": {"low": {"precision": 0.363237687044294, "recall": 0.35778058330703094, "f1-measure": 0.34844890013111995}, "mid": {"precision": 0.3734073192745426, "recall": 0.36939065090114254, "f1-measure": 0.35515839573280705}, "high": {"precision": 0.38372306474935625, "recall": 0.3797014158832972, "f1-measure": 0.36105913573810894}}, "rouge2": {"low": {"precision": 0.07581357425371983, "recall": 0.07793968710301968, "f1-measure": 0.07304529315414061}, "mid": {"precision": 0.0796435414399434, "recall": 0.08253301396347153, "f1-measure": 0.07602917734907352}, "high": {"precision": 0.08353964325293092, "recall": 0.0876104149394452, "f1-measure": 0.07956060637190468}}, "rougeL": {"low": {"precision": 0.18473594266701557, "recall": 0.19249625024946243, "f1-measure": 0.18239231479492715}, "mid": {"precision": 0.18958471153074852, "recall": 0.19880965290857894, "f1-measure": 0.18579828442607244}, "high": {"precision": 0.1950056768540949, "recall": 0.20570055386073216, "f1-measure": 0.18902557916504356}}, "rougeLsum": {"low": {"precision": 0.2438727289806825, "recall": 0.23545185212233896, "f1-measure": 0.22993802281711062}, "mid": {"precision": 0.2542403003627446, "recall": 0.24319571937726372, "f1-measure": 0.23461287193712474}, "high": {"precision": 0.2638801762607569, "recall": 0.251065913429892, "f1-measure": 0.23923065986605271}}}