{"rouge1": {"low": {"precision": 0.4332977929029531, "recall": 0.31345958035694715, "f1-measure": 0.3518085440586298}, "mid": {"precision": 0.4448967502850823, "recall": 0.32599969728638156, "f1-measure": 0.3602132551938287}, "high": {"precision": 0.4567597003456427, "recall": 0.33748092784069367, "f1-measure": 0.3688715948933793}}, "rouge2": {"low": {"precision": 0.10598421309131642, "recall": 0.07488139609864838, "f1-measure": 0.08284665896211077}, "mid": {"precision": 0.11168676311358719, "recall": 0.07961798625318894, "f1-measure": 0.08708357940088458}, "high": {"precision": 0.11827065704238741, "recall": 0.08432544885707466, "f1-measure": 0.09134800685817801}}, "rougeL": {"low": {"precision": 0.2393037549032139, "recall": 0.17773518453425877, "f1-measure": 0.19532440422989675}, "mid": {"precision": 0.24793914575185716, "recall": 0.18432885837847035, "f1-measure": 0.19983893882718073}, "high": {"precision": 0.2557715349630906, "recall": 0.19143043799505655, "f1-measure": 0.2041889413452305}}, "rougeLsum": {"low": {"precision": 0.30129538859436417, "recall": 0.20743834374822823, "f1-measure": 0.2349979636219169}, "mid": {"precision": 0.31036944130130617, "recall": 0.2159430565808806, "f1-measure": 0.24149728370286616}, "high": {"precision": 0.3200153185958837, "recall": 0.22409820094966382, "f1-measure": 0.2473103540526174}}}