{"rouge1": {"low": {"precision": 0.284054975331891, "recall": 0.43293767091062824, "f1-measure": 0.3230204517835746}, "mid": {"precision": 0.30231755846035974, "recall": 0.45298541715812024, "f1-measure": 0.3374635133439021}, "high": {"precision": 0.32170185615430597, "recall": 0.47126781494453396, "f1-measure": 0.35121772504569787}}, "rouge2": {"low": {"precision": 0.05849137198282698, "recall": 0.08979050820408288, "f1-measure": 0.06641260415113899}, "mid": {"precision": 0.06498766445099965, "recall": 0.09687585685202443, "f1-measure": 0.07193590117758272}, "high": {"precision": 0.07123500767804611, "recall": 0.10412944535519215, "f1-measure": 0.07751633795759576}}, "rougeL": {"low": {"precision": 0.13815651036523097, "recall": 0.21523447786061417, "f1-measure": 0.15966706170159586}, "mid": {"precision": 0.14771980806004126, "recall": 0.22758022080998044, "f1-measure": 0.165487571794581}, "high": {"precision": 0.15675188411960952, "recall": 0.23928535599765768, "f1-measure": 0.17109761625767522}}, "rougeLsum": {"low": {"precision": 0.1669984697518882, "recall": 0.26060197920802786, "f1-measure": 0.19165312666726736}, "mid": {"precision": 0.17822017353362984, "recall": 0.2740417566288593, "f1-measure": 0.20034075924033148}, "high": {"precision": 0.19157541562904193, "recall": 0.2885070081332796, "f1-measure": 0.2097353632495329}}}