{"rouge1": {"low": {"precision": 0.2891635883857336, "recall": 0.4764021711295865, "f1-measure": 0.34898839750172583}, "mid": {"precision": 0.30811310798573255, "recall": 0.49121020415201216, "f1-measure": 0.3625172915602448}, "high": {"precision": 0.3263113199445242, "recall": 0.5067624719084505, "f1-measure": 0.3750783819541747}}, "rouge2": {"low": {"precision": 0.06471859285178153, "recall": 0.10552872972161333, "f1-measure": 0.0776199552111069}, "mid": {"precision": 0.07046260886876474, "recall": 0.11368467796569791, "f1-measure": 0.08285179306100007}, "high": {"precision": 0.07625096876525617, "recall": 0.12195957999637846, "f1-measure": 0.08830077229635236}}, "rougeL": {"low": {"precision": 0.14036397996543665, "recall": 0.2318356750334638, "f1-measure": 0.17017246879282116}, "mid": {"precision": 0.14713549146854366, "recall": 0.2413747218829775, "f1-measure": 0.1745026898392816}, "high": {"precision": 0.1543106467432291, "recall": 0.25187210762368095, "f1-measure": 0.1788915940098581}}, "rougeLsum": {"low": {"precision": 0.1710986884599209, "recall": 0.2810444865325036, "f1-measure": 0.2054169390439151}, "mid": {"precision": 0.18232203726819232, "recall": 0.292428998177241, "f1-measure": 0.21440819131827338}, "high": {"precision": 0.19558836767244017, "recall": 0.3045319073706914, "f1-measure": 0.22398170690682298}}}