{"rouge1": {"low": {"precision": 0.3713642696974569, "recall": 0.3066059388658875, "f1-measure": 0.3224452939893081}, "mid": {"precision": 0.3819274678151964, "recall": 0.31951612310647715, "f1-measure": 0.3319911492400648}, "high": {"precision": 0.3923151077889547, "recall": 0.3335840341561712, "f1-measure": 0.34247235611380555}}, "rouge2": {"low": {"precision": 0.07381776139153227, "recall": 0.06110320094606841, "f1-measure": 0.06296951453504165}, "mid": {"precision": 0.07895289213632832, "recall": 0.06637904982441456, "f1-measure": 0.06750655286616732}, "high": {"precision": 0.08425512812030982, "recall": 0.07097938615672826, "f1-measure": 0.07208991749109826}}, "rougeL": {"low": {"precision": 0.19554026856196954, "recall": 0.16890462617133803, "f1-measure": 0.17244465815527665}, "mid": {"precision": 0.20065139788420344, "recall": 0.17642740506175608, "f1-measure": 0.17746909348101284}, "high": {"precision": 0.20693976259583494, "recall": 0.1838762855858103, "f1-measure": 0.18273779618276517}}, "rougeLsum": {"low": {"precision": 0.24002453179977382, "recall": 0.19243149689293385, "f1-measure": 0.20297367856648102}, "mid": {"precision": 0.24896170014788643, "recall": 0.20184702489116557, "f1-measure": 0.20979634206642794}, "high": {"precision": 0.25804516254775794, "recall": 0.210523625456695, "f1-measure": 0.21641201055184986}}}