{"rouge1": {"low": {"precision": 0.3792895273700296, "recall": 0.4205616935847129, "f1-measure": 0.39059090977208377}, "mid": {"precision": 0.39029437524466926, "recall": 0.43111900082205756, "f1-measure": 0.39527821486815695}, "high": {"precision": 0.40148520547142336, "recall": 0.44146187897988665, "f1-measure": 0.3999636019238725}}, "rouge2": {"low": {"precision": 0.08271648355070055, "recall": 0.09966299975025142, "f1-measure": 0.08587703560329442}, "mid": {"precision": 0.08667756690200341, "recall": 0.10439506896075856, "f1-measure": 0.08871629435599673}, "high": {"precision": 0.09059476454844338, "recall": 0.1094794582311049, "f1-measure": 0.09185862611328681}}, "rougeL": {"low": {"precision": 0.18374086594036548, "recall": 0.21911480038572878, "f1-measure": 0.19387843140670608}, "mid": {"precision": 0.18874187721561614, "recall": 0.22628714864318683, "f1-measure": 0.19632886078412598}, "high": {"precision": 0.19396797253169723, "recall": 0.23336113185303695, "f1-measure": 0.19892732845920594}}, "rougeLsum": {"low": {"precision": 0.25938607384554513, "recall": 0.28459986877750615, "f1-measure": 0.2612596029053036}, "mid": {"precision": 0.27065012482847545, "recall": 0.2926992626243772, "f1-measure": 0.2661314281118543}, "high": {"precision": 0.281510550982596, "recall": 0.3006464805336366, "f1-measure": 0.2705354735568849}}}