{"rouge1": {"low": {"precision": 0.35141930559498247, "recall": 0.39766941704583514, "f1-measure": 0.3606421192508697}, "mid": {"precision": 0.361771104534132, "recall": 0.40809876013020563, "f1-measure": 0.3662609215624725}, "high": {"precision": 0.3729267955983827, "recall": 0.419058492390858, "f1-measure": 0.3719826349018555}}, "rouge2": {"low": {"precision": 0.0708982371254905, "recall": 0.08751874471081444, "f1-measure": 0.07388270836561762}, "mid": {"precision": 0.07430668440677422, "recall": 0.09216179182470108, "f1-measure": 0.07678554824244899}, "high": {"precision": 0.07785503684857166, "recall": 0.09704151285563653, "f1-measure": 0.07975093403193419}}, "rougeL": {"low": {"precision": 0.16718278144209336, "recall": 0.21015257373799495, "f1-measure": 0.18001321594429115}, "mid": {"precision": 0.1722750146492591, "recall": 0.21736816710060333, "f1-measure": 0.18266310874498579}, "high": {"precision": 0.17711079386866144, "recall": 0.22426568087507834, "f1-measure": 0.1856557369855356}}, "rougeLsum": {"low": {"precision": 0.236136814921969, "recall": 0.26782597477891684, "f1-measure": 0.23937976133367825}, "mid": {"precision": 0.24662881422980898, "recall": 0.27639362439005977, "f1-measure": 0.24450668954612048}, "high": {"precision": 0.25680337050184365, "recall": 0.2847831986356218, "f1-measure": 0.24977407540450572}}}