{"rouge1": {"low": {"precision": 0.38383104591682204, "recall": 0.3598793615388316, "f1-measure": 0.36330666770226044}, "mid": {"precision": 0.40185482400654027, "recall": 0.37442375331978633, "f1-measure": 0.37478327595136823}, "high": {"precision": 0.4204519871116774, "recall": 0.38782698032207286, "f1-measure": 0.3849715230673905}}, "rouge2": {"low": {"precision": 0.08220936584540385, "recall": 0.0759122714554176, "f1-measure": 0.07640043945870921}, "mid": {"precision": 0.09103239159828119, "recall": 0.08251981716509615, "f1-measure": 0.08340306447619039}, "high": {"precision": 0.09980960552273763, "recall": 0.08925262253706949, "f1-measure": 0.09018096190933876}}, "rougeL": {"low": {"precision": 0.19399473948635299, "recall": 0.18322575491072718, "f1-measure": 0.1844737790845828}, "mid": {"precision": 0.20322533179927024, "recall": 0.19012682715883658, "f1-measure": 0.1894633874063551}, "high": {"precision": 0.21183140144358328, "recall": 0.1978472062029074, "f1-measure": 0.1943048464008688}}, "rougeLsum": {"low": {"precision": 0.22725388367829344, "recall": 0.2134575564668939, "f1-measure": 0.2143900876248049}, "mid": {"precision": 0.23902206907489032, "recall": 0.22288673403214884, "f1-measure": 0.22260468882741558}, "high": {"precision": 0.25191511026294877, "recall": 0.23247305432073959, "f1-measure": 0.2306242086895183}}}