{"rouge1": {"low": {"precision": 0.33596396941195755, "recall": 0.3251167201286528, "f1-measure": 0.3193751290596295}, "mid": {"precision": 0.3454940142139197, "recall": 0.33684536072870647, "f1-measure": 0.32683091773797834}, "high": {"precision": 0.3548491130424963, "recall": 0.3493813925154199, "f1-measure": 0.33514163440614375}}, "rouge2": {"low": {"precision": 0.062269819027097294, "recall": 0.06618483824706554, "f1-measure": 0.06088315697119888}, "mid": {"precision": 0.06595656489594803, "recall": 0.07138366262580613, "f1-measure": 0.0647416958770614}, "high": {"precision": 0.06990855231144152, "recall": 0.07650202914877179, "f1-measure": 0.0686061891239405}}, "rougeL": {"low": {"precision": 0.17665679434481862, "recall": 0.1849041989519109, "f1-measure": 0.17364440502430595}, "mid": {"precision": 0.18151420968605808, "recall": 0.19198142924215703, "f1-measure": 0.177731376246697}, "high": {"precision": 0.18656284715002, "recall": 0.19960544952499817, "f1-measure": 0.1816357667021291}}, "rougeLsum": {"low": {"precision": 0.2235980574130536, "recall": 0.22050521253202549, "f1-measure": 0.211898470235105}, "mid": {"precision": 0.23126080026336915, "recall": 0.22869834335139433, "f1-measure": 0.21722659038219608}, "high": {"precision": 0.2385657105898632, "recall": 0.237803066949569, "f1-measure": 0.22236289127902983}}}