{"rouge1": {"low": {"precision": 0.36956432909083375, "recall": 0.35975869270236505, "f1-measure": 0.35420755701492707}, "mid": {"precision": 0.3793088560357652, "recall": 0.37065011850819907, "f1-measure": 0.36004829379004766}, "high": {"precision": 0.3894439240472067, "recall": 0.38196304212030335, "f1-measure": 0.3660931511484119}}, "rouge2": {"low": {"precision": 0.07692528295947369, "recall": 0.07795908941943065, "f1-measure": 0.0733957141744862}, "mid": {"precision": 0.08031612941106844, "recall": 0.08251971377807656, "f1-measure": 0.07613866399395659}, "high": {"precision": 0.08433840053036855, "recall": 0.08708826341372278, "f1-measure": 0.07925326957495536}}, "rougeL": {"low": {"precision": 0.18752695723075286, "recall": 0.19297492535276473, "f1-measure": 0.18413310203606884}, "mid": {"precision": 0.19343106246749925, "recall": 0.19955405237771573, "f1-measure": 0.18724727889329607}, "high": {"precision": 0.1990552586635163, "recall": 0.20673969180677165, "f1-measure": 0.19060357299363664}}, "rougeLsum": {"low": {"precision": 0.24567676709200098, "recall": 0.23578359323785109, "f1-measure": 0.23092662207742506}, "mid": {"precision": 0.25544533343423076, "recall": 0.24288733544646968, "f1-measure": 0.23564973502698938}, "high": {"precision": 0.26447099868363966, "recall": 0.250308849172124, "f1-measure": 0.24023989194948864}}}