{"rouge1": {"low": {"precision": 0.3836067816271269, "recall": 0.3600431791798308, "f1-measure": 0.36071055084932124}, "mid": {"precision": 0.4027136935764454, "recall": 0.37521126172032526, "f1-measure": 0.3714286148766218}, "high": {"precision": 0.42257101019710874, "recall": 0.38937305144531753, "f1-measure": 0.38238359266012506}}, "rouge2": {"low": {"precision": 0.08194536408142102, "recall": 0.07469858307970646, "f1-measure": 0.07533757266012928}, "mid": {"precision": 0.08995538528397416, "recall": 0.08152875926652203, "f1-measure": 0.0815192733055664}, "high": {"precision": 0.09854753978215879, "recall": 0.08824247708404154, "f1-measure": 0.08791042539361696}}, "rougeL": {"low": {"precision": 0.1930845251687155, "recall": 0.18275463723760424, "f1-measure": 0.1823379740223998}, "mid": {"precision": 0.20232631237601778, "recall": 0.19113278651841376, "f1-measure": 0.1872347272709055}, "high": {"precision": 0.21179106543950688, "recall": 0.1999752234191692, "f1-measure": 0.19205985521036145}}, "rougeLsum": {"low": {"precision": 0.2214602704009964, "recall": 0.20895489520429855, "f1-measure": 0.20880427769222681}, "mid": {"precision": 0.23484073234655986, "recall": 0.21924720767844727, "f1-measure": 0.216038015264843}, "high": {"precision": 0.24913453342528497, "recall": 0.228462253337733, "f1-measure": 0.22366522898518174}}}