{"rouge1": {"low": {"precision": 0.36486275165338, "recall": 0.38996347225316846, "f1-measure": 0.36883283876084844}, "mid": {"precision": 0.37446523249493824, "recall": 0.40003384416435495, "f1-measure": 0.37356844229677477}, "high": {"precision": 0.3849753407952835, "recall": 0.4099580594488356, "f1-measure": 0.37856472029967697}}, "rouge2": {"low": {"precision": 0.07202850938835391, "recall": 0.08500309484776737, "f1-measure": 0.07433262808521401}, "mid": {"precision": 0.07517827479048557, "recall": 0.08912331638403218, "f1-measure": 0.0769134268952217}, "high": {"precision": 0.0784646494146794, "recall": 0.09362419238449947, "f1-measure": 0.07960745150608665}}, "rougeL": {"low": {"precision": 0.17567244390881337, "recall": 0.20929967600804544, "f1-measure": 0.18510239241020662}, "mid": {"precision": 0.18036544458234088, "recall": 0.21637000819244256, "f1-measure": 0.18776520301765165}, "high": {"precision": 0.18477577735123143, "recall": 0.22351373331945562, "f1-measure": 0.19065773847838652}}, "rougeLsum": {"low": {"precision": 0.25072706368079606, "recall": 0.26759190889567797, "f1-measure": 0.24835610488197152}, "mid": {"precision": 0.2605418515881507, "recall": 0.27532438445910246, "f1-measure": 0.2531783521069066}, "high": {"precision": 0.27014444603413373, "recall": 0.28361621757088706, "f1-measure": 0.25795953664098475}}}