{"rouge1": {"low": {"precision": 0.3279341255723009, "recall": 0.40432399143824677, "f1-measure": 0.35045150255925717}, "mid": {"precision": 0.34887612830713294, "recall": 0.41979016679049064, "f1-measure": 0.36249706289964156}, "high": {"precision": 0.3681706391711443, "recall": 0.4345567097414166, "f1-measure": 0.37479602948273144}}, "rouge2": {"low": {"precision": 0.07139361986495742, "recall": 0.08732307423850465, "f1-measure": 0.07583287472292975}, "mid": {"precision": 0.07840236340942244, "recall": 0.09428872804769407, "f1-measure": 0.08168695539433374}, "high": {"precision": 0.08600263982688686, "recall": 0.10183495719106642, "f1-measure": 0.08812411043755265}}, "rougeL": {"low": {"precision": 0.16984559264551788, "recall": 0.20976591982662451, "f1-measure": 0.18090331046572822}, "mid": {"precision": 0.17895318791646644, "recall": 0.2189934495702936, "f1-measure": 0.18698932079433828}, "high": {"precision": 0.1889201549441873, "recall": 0.22871317165664318, "f1-measure": 0.19233471901863924}}, "rougeLsum": {"low": {"precision": 0.1980835476832655, "recall": 0.2464175844496189, "f1-measure": 0.21182539267195}, "mid": {"precision": 0.20896963450549083, "recall": 0.25815379684520123, "f1-measure": 0.21977909359024211}, "high": {"precision": 0.22241457294400255, "recall": 0.27105904703901973, "f1-measure": 0.22980034364748264}}}