{"rouge1": {"low": {"precision": 0.3440651701149829, "recall": 0.4801027297569634, "f1-measure": 0.38797179847956687}, "mid": {"precision": 0.3622562158036625, "recall": 0.49626752795287976, "f1-measure": 0.40085260462714883}, "high": {"precision": 0.38099331851118473, "recall": 0.5118953269986013, "f1-measure": 0.41155605578558146}}, "rouge2": {"low": {"precision": 0.08194347007865087, "recall": 0.1148655428170481, "f1-measure": 0.09234439449716025}, "mid": {"precision": 0.08790683050072301, "recall": 0.12193578676470798, "f1-measure": 0.09726502779462462}, "high": {"precision": 0.09474774744540373, "recall": 0.12963077875837223, "f1-measure": 0.10286909653217349}}, "rougeL": {"low": {"precision": 0.1643520947483678, "recall": 0.230755760675186, "f1-measure": 0.18719839765737908}, "mid": {"precision": 0.17244567289024706, "recall": 0.24127661536015166, "f1-measure": 0.19165343902584317}, "high": {"precision": 0.1804778922176185, "recall": 0.2523725393203317, "f1-measure": 0.1960525319263961}}, "rougeLsum": {"low": {"precision": 0.19024577949988797, "recall": 0.2683935210006081, "f1-measure": 0.21616049229442547}, "mid": {"precision": 0.2016357497536, "recall": 0.28152968915190235, "f1-measure": 0.22429663591172305}, "high": {"precision": 0.21270147597488256, "recall": 0.2954834523558085, "f1-measure": 0.23308612388483768}}}