{"rouge1": {"low": {"precision": 0.3816001301864331, "recall": 0.40495421548401855, "f1-measure": 0.3844772409534746}, "mid": {"precision": 0.3922589877118392, "recall": 0.4154704935742608, "f1-measure": 0.3895737696514675}, "high": {"precision": 0.40208974147969817, "recall": 0.4261386916295552, "f1-measure": 0.39502105436552004}}, "rouge2": {"low": {"precision": 0.08287418180572606, "recall": 0.0950304903303438, "f1-measure": 0.08446059973511602}, "mid": {"precision": 0.08664823181897724, "recall": 0.09956673172177685, "f1-measure": 0.08752831248068957}, "high": {"precision": 0.09039078650130083, "recall": 0.10423663666153647, "f1-measure": 0.09064167874322314}}, "rougeL": {"low": {"precision": 0.18358976014671902, "recall": 0.2140131154094817, "f1-measure": 0.1909962106827798}, "mid": {"precision": 0.18823494060304258, "recall": 0.22127206951560627, "f1-measure": 0.19434855798718526}, "high": {"precision": 0.19289093045726566, "recall": 0.2285650128604835, "f1-measure": 0.19749801690583174}}, "rougeLsum": {"low": {"precision": 0.2601006162427077, "recall": 0.2716638175052835, "f1-measure": 0.2561633629672111}, "mid": {"precision": 0.27029306406563774, "recall": 0.27956342223784747, "f1-measure": 0.26114993550675897}, "high": {"precision": 0.2804336211947785, "recall": 0.28771493910163654, "f1-measure": 0.26614577941159806}}}