{"rouge1": {"low": {"precision": 0.4178305510924486, "recall": 0.37469021703319283, "f1-measure": 0.38418680747343864}, "mid": {"precision": 0.42852603328836686, "recall": 0.38617056462415855, "f1-measure": 0.3905812498936089}, "high": {"precision": 0.4406560929860881, "recall": 0.39791628680916574, "f1-measure": 0.3971714331519931}}, "rouge2": {"low": {"precision": 0.10018767357864726, "recall": 0.08900092254261416, "f1-measure": 0.08973991290532679}, "mid": {"precision": 0.10555366296037487, "recall": 0.09367618430353733, "f1-measure": 0.09379154941576978}, "high": {"precision": 0.11191567751066707, "recall": 0.09879483688438799, "f1-measure": 0.09825839635540771}}, "rougeL": {"low": {"precision": 0.21331593857386566, "recall": 0.19989743833917187, "f1-measure": 0.19961118337184028}, "mid": {"precision": 0.22035563559678173, "recall": 0.2071938979944618, "f1-measure": 0.20367472755620142}, "high": {"precision": 0.22753307057266567, "recall": 0.2138226088448566, "f1-measure": 0.20765828385194707}}, "rougeLsum": {"low": {"precision": 0.26712058139883643, "recall": 0.2335632284250293, "f1-measure": 0.23992456481342692}, "mid": {"precision": 0.2777520306378607, "recall": 0.24111453635062513, "f1-measure": 0.24469596449978853}, "high": {"precision": 0.2889926590705773, "recall": 0.24883055606857898, "f1-measure": 0.2500494705748488}}}