{"rouge1": {"low": {"precision": 0.40539920537713503, "recall": 0.3524870057510481, "f1-measure": 0.36672758481255197}, "mid": {"precision": 0.41596621277545004, "recall": 0.36262631271515133, "f1-measure": 0.3724964010905826}, "high": {"precision": 0.42734245873384774, "recall": 0.3724731888143516, "f1-measure": 0.37816260804094226}}, "rouge2": {"low": {"precision": 0.09113991727680068, "recall": 0.07609903970597005, "f1-measure": 0.07869429187992037}, "mid": {"precision": 0.09617242487389127, "recall": 0.07993318902594401, "f1-measure": 0.08202962116088108}, "high": {"precision": 0.10092618379745821, "recall": 0.0841414488385278, "f1-measure": 0.08546661884808583}}, "rougeL": {"low": {"precision": 0.2117522073217469, "recall": 0.1859419949335521, "f1-measure": 0.1907188263329245}, "mid": {"precision": 0.2178673728234013, "recall": 0.19325830023051072, "f1-measure": 0.19478948359935866}, "high": {"precision": 0.22444025800670284, "recall": 0.200137007087485, "f1-measure": 0.19895505096908667}}, "rougeLsum": {"low": {"precision": 0.2578930696499638, "recall": 0.21431602195800567, "f1-measure": 0.22430945084970028}, "mid": {"precision": 0.2690595832882414, "recall": 0.22175857287921322, "f1-measure": 0.22948298873661452}, "high": {"precision": 0.27822179122015195, "recall": 0.2295476471552928, "f1-measure": 0.2342673938098999}}}