{"rouge1": {"low": {"precision": 0.2844819166047319, "recall": 0.4150502772534482, "f1-measure": 0.3281252751594846}, "mid": {"precision": 0.29986256363772423, "recall": 0.42850938901034763, "f1-measure": 0.3389928713790188}, "high": {"precision": 0.3141317693217197, "recall": 0.4415944865537841, "f1-measure": 0.3490827413458432}}, "rouge2": {"low": {"precision": 0.05037224476996197, "recall": 0.07206286387819806, "f1-measure": 0.05739619862998417}, "mid": {"precision": 0.054764465834148505, "recall": 0.07809491984794022, "f1-measure": 0.0617430240106982}, "high": {"precision": 0.05910087659371822, "recall": 0.08379550380688655, "f1-measure": 0.06579480769970071}}, "rougeL": {"low": {"precision": 0.1405194248452834, "recall": 0.2069619471424618, "f1-measure": 0.16327096358203053}, "mid": {"precision": 0.1463772488078317, "recall": 0.215612862304029, "f1-measure": 0.16712211157061038}, "high": {"precision": 0.1524483694511219, "recall": 0.22442661686961732, "f1-measure": 0.1711535009600598}}, "rougeLsum": {"low": {"precision": 0.16778126129644744, "recall": 0.24653793302978855, "f1-measure": 0.19393244454259967}, "mid": {"precision": 0.17822140231419745, "recall": 0.25553665466484526, "f1-measure": 0.20144938991478023}, "high": {"precision": 0.18940267607319752, "recall": 0.2643960737162487, "f1-measure": 0.2088203191263424}}}