{"rouge1": {"low": {"precision": 0.33518024549515973, "recall": 0.36202922855100783, "f1-measure": 0.3340489836876359}, "mid": {"precision": 0.3468752835427488, "recall": 0.3737015752105408, "f1-measure": 0.34158547983339116}, "high": {"precision": 0.3585650332591909, "recall": 0.3858759742149728, "f1-measure": 0.34896158748443945}}, "rouge2": {"low": {"precision": 0.06699195529113905, "recall": 0.08028405541117513, "f1-measure": 0.06821091039853018}, "mid": {"precision": 0.07060474382708165, "recall": 0.08555768909058312, "f1-measure": 0.07168037656806182}, "high": {"precision": 0.07475834943191692, "recall": 0.09030855985221403, "f1-measure": 0.07520659062637755}}, "rougeL": {"low": {"precision": 0.17734808694750542, "recall": 0.20588569309741805, "f1-measure": 0.18166736820830848}, "mid": {"precision": 0.1828493325703569, "recall": 0.21323832004985732, "f1-measure": 0.18524640553891247}, "high": {"precision": 0.18876292860879823, "recall": 0.22001955432579773, "f1-measure": 0.18868345322936653}}, "rougeLsum": {"low": {"precision": 0.2315067787911676, "recall": 0.24882762257527716, "f1-measure": 0.22739668857215709}, "mid": {"precision": 0.24144168766797813, "recall": 0.2567001765739344, "f1-measure": 0.2327352899730953}, "high": {"precision": 0.2521850188762343, "recall": 0.26436663051947923, "f1-measure": 0.23813500301229257}}}