{"rouge1": {"low": {"precision": 0.323858246205102, "recall": 0.5072022759824656, "f1-measure": 0.3856725332636219}, "mid": {"precision": 0.34224691023949483, "recall": 0.5195034999620858, "f1-measure": 0.39796593567130023}, "high": {"precision": 0.3607234788733175, "recall": 0.5317290320558093, "f1-measure": 0.41084783653336887}}, "rouge2": {"low": {"precision": 0.078664145008291, "recall": 0.1209845263100822, "f1-measure": 0.09226537478895148}, "mid": {"precision": 0.08551118972309445, "recall": 0.1298143167478283, "f1-measure": 0.09929658424730528}, "high": {"precision": 0.0927979975140111, "recall": 0.13851894807846138, "f1-measure": 0.10637195460614597}}, "rougeL": {"low": {"precision": 0.1560643807849798, "recall": 0.2465785659994994, "f1-measure": 0.18694767320362513}, "mid": {"precision": 0.16283345869811044, "recall": 0.25732960716017433, "f1-measure": 0.1917510249292897}, "high": {"precision": 0.1702014714245485, "recall": 0.2685800044645318, "f1-measure": 0.19699708389158796}}, "rougeLsum": {"low": {"precision": 0.1881694332675846, "recall": 0.29716047727940337, "f1-measure": 0.22477909047282885}, "mid": {"precision": 0.19992103452829463, "recall": 0.30757144413723425, "f1-measure": 0.23295710372964845}, "high": {"precision": 0.21329684001088867, "recall": 0.31992861545544493, "f1-measure": 0.2422824645576857}}}