{"rouge1": {"low": {"precision": 0.3118116471797808, "recall": 0.48924550247362303, "f1-measure": 0.37097313277577776}, "mid": {"precision": 0.3294053919564659, "recall": 0.5017647433836254, "f1-measure": 0.3847148681237762}, "high": {"precision": 0.3493355316109887, "recall": 0.513242687010578, "f1-measure": 0.3985841775579207}}, "rouge2": {"low": {"precision": 0.06769298357032265, "recall": 0.1052165036186842, "f1-measure": 0.08042411882250418}, "mid": {"precision": 0.0739957303976973, "recall": 0.11284670136432537, "f1-measure": 0.08623778865298451}, "high": {"precision": 0.08028398449692963, "recall": 0.12082533575165004, "f1-measure": 0.09221998068114365}}, "rougeL": {"low": {"precision": 0.14748737444096108, "recall": 0.23485995027435838, "f1-measure": 0.17709832188246769}, "mid": {"precision": 0.15464389819310567, "recall": 0.24397102616637578, "f1-measure": 0.18253334291077283}, "high": {"precision": 0.16177910662667713, "recall": 0.2534624697933367, "f1-measure": 0.1870317822894766}}, "rougeLsum": {"low": {"precision": 0.1805816643774109, "recall": 0.28527770705618727, "f1-measure": 0.2161033356396383}, "mid": {"precision": 0.19284536968184518, "recall": 0.29570158146777015, "f1-measure": 0.2252750250257211}, "high": {"precision": 0.20526060360536239, "recall": 0.3063924902473679, "f1-measure": 0.2345213438075577}}}