{"rouge1": {"low": {"precision": 0.23294297511359516, "recall": 0.49933818379452105, "f1-measure": 0.3050811681817295}, "mid": {"precision": 0.2479016236114534, "recall": 0.5121965964489736, "f1-measure": 0.3191017276098612}, "high": {"precision": 0.26331730801799036, "recall": 0.5255495726345865, "f1-measure": 0.3325378742852626}}, "rouge2": {"low": {"precision": 0.0452834449781258, "recall": 0.09598288598029714, "f1-measure": 0.05908555775693727}, "mid": {"precision": 0.049573383576908825, "recall": 0.102759615874156, "f1-measure": 0.06366442341316542}, "high": {"precision": 0.05410787260951421, "recall": 0.1101961750894584, "f1-measure": 0.06812022565226941}}, "rougeL": {"low": {"precision": 0.11107729815481332, "recall": 0.24436032041418465, "f1-measure": 0.14776883939378505}, "mid": {"precision": 0.11824300623901386, "recall": 0.25539488729041804, "f1-measure": 0.15379844372032744}, "high": {"precision": 0.12493933671297369, "recall": 0.26813680539630247, "f1-measure": 0.15880125136297013}}, "rougeLsum": {"low": {"precision": 0.14580025794788223, "recall": 0.3174930564344002, "f1-measure": 0.19206538261302225}, "mid": {"precision": 0.1558308934971361, "recall": 0.3286577217294177, "f1-measure": 0.201479977380698}, "high": {"precision": 0.16646697338064198, "recall": 0.3422130306144791, "f1-measure": 0.21083127149443848}}}