{"rouge1": {"low": {"precision": 0.40498633186437244, "recall": 0.4237401823534643, "f1-measure": 0.4045666289383012}, "mid": {"precision": 0.4159330755661471, "recall": 0.4355621302123698, "f1-measure": 0.4105405511511211}, "high": {"precision": 0.42635059611401205, "recall": 0.44729412405421026, "f1-measure": 0.4163445121385558}}, "rouge2": {"low": {"precision": 0.09097401958682226, "recall": 0.09693413708477235, "f1-measure": 0.0896661729371058}, "mid": {"precision": 0.09538015150731727, "recall": 0.10189560061570258, "f1-measure": 0.09297598735085418}, "high": {"precision": 0.09982758992224658, "recall": 0.10675150997313985, "f1-measure": 0.09628521499515312}}, "rougeL": {"low": {"precision": 0.19491754394957891, "recall": 0.21381966420259346, "f1-measure": 0.1976567069097497}, "mid": {"precision": 0.200212389638798, "recall": 0.22084751351158405, "f1-measure": 0.2010017100396171}, "high": {"precision": 0.20542847651397209, "recall": 0.22786857345412775, "f1-measure": 0.20409715519192573}}, "rougeLsum": {"low": {"precision": 0.27012267237135923, "recall": 0.27200554387563713, "f1-measure": 0.2606728752548343}, "mid": {"precision": 0.28038273520435925, "recall": 0.28075684550333835, "f1-measure": 0.26561627979710445}, "high": {"precision": 0.2906269495123041, "recall": 0.28821914412461513, "f1-measure": 0.2703070946666307}}}