{"rouge1": {"low": {"precision": 0.41609095817374997, "recall": 0.3147182452730664, "f1-measure": 0.3405260543589724}, "mid": {"precision": 0.4295133380737835, "recall": 0.32770344115764316, "f1-measure": 0.3485471547163542}, "high": {"precision": 0.4419127660568107, "recall": 0.3406208465347436, "f1-measure": 0.357221610985449}}, "rouge2": {"low": {"precision": 0.09420308261162247, "recall": 0.06867831763732453, "f1-measure": 0.07276435513803432}, "mid": {"precision": 0.10107921202783986, "recall": 0.07300190998657813, "f1-measure": 0.07648078632022169}, "high": {"precision": 0.11134886606032215, "recall": 0.0777511172078919, "f1-measure": 0.08018084947462176}}, "rougeL": {"low": {"precision": 0.2245622576450894, "recall": 0.1773300114197362, "f1-measure": 0.18608831521688463}, "mid": {"precision": 0.23380687977140108, "recall": 0.18422002973983972, "f1-measure": 0.19029620614995546}, "high": {"precision": 0.24471558368752014, "recall": 0.19174338159597046, "f1-measure": 0.19477248346822437}}, "rougeLsum": {"low": {"precision": 0.28451265378895263, "recall": 0.2087771511391093, "f1-measure": 0.2247551903754096}, "mid": {"precision": 0.2964325283291289, "recall": 0.2178429011190549, "f1-measure": 0.23043422524818657}, "high": {"precision": 0.30854324103340025, "recall": 0.22737752982042436, "f1-measure": 0.23653785081073614}}}