{"rouge1": {"low": {"precision": 0.2721066794986188, "recall": 0.4464125962555797, "f1-measure": 0.32576640788022637}, "mid": {"precision": 0.2911169115332225, "recall": 0.4626061129465524, "f1-measure": 0.34050987242656783}, "high": {"precision": 0.3106623892365899, "recall": 0.47865747484464694, "f1-measure": 0.35544053576094903}}, "rouge2": {"low": {"precision": 0.05629260308007409, "recall": 0.09069069565238705, "f1-measure": 0.06650857886627178}, "mid": {"precision": 0.06321281570944536, "recall": 0.0985536941533072, "f1-measure": 0.07315025701287368}, "high": {"precision": 0.0700147090408431, "recall": 0.10613110374564513, "f1-measure": 0.07927433948810841}}, "rougeL": {"low": {"precision": 0.1324943815875217, "recall": 0.2217446697172444, "f1-measure": 0.16038413664301532}, "mid": {"precision": 0.1407364415367343, "recall": 0.2309955613453309, "f1-measure": 0.16628798711236326}, "high": {"precision": 0.14950254567932414, "recall": 0.2410090302110014, "f1-measure": 0.17150475970687987}}, "rougeLsum": {"low": {"precision": 0.1651073240854631, "recall": 0.2713637476439215, "f1-measure": 0.1979321571192285}, "mid": {"precision": 0.17723888247131664, "recall": 0.28411827205545603, "f1-measure": 0.20704642455840733}, "high": {"precision": 0.1904181550224165, "recall": 0.296232208139793, "f1-measure": 0.21737134010189932}}}