{"rouge1": {"low": {"precision": 0.4130714362838557, "recall": 0.38790283423799704, "f1-measure": 0.3857696936817737}, "mid": {"precision": 0.43332500367912985, "recall": 0.40480254637015145, "f1-measure": 0.3981364270395211}, "high": {"precision": 0.4536721971937244, "recall": 0.419199627044417, "f1-measure": 0.41023052356734646}}, "rouge2": {"low": {"precision": 0.1012708284832819, "recall": 0.09483732840701004, "f1-measure": 0.09354892813626114}, "mid": {"precision": 0.1100127185459936, "recall": 0.1014711512871152, "f1-measure": 0.1002184665805646}, "high": {"precision": 0.11988997778478036, "recall": 0.10916545303276211, "f1-measure": 0.10705880202097837}}, "rougeL": {"low": {"precision": 0.2091988142364596, "recall": 0.19922406882283675, "f1-measure": 0.19673744036330296}, "mid": {"precision": 0.21975524732959648, "recall": 0.20885200098593257, "f1-measure": 0.20289842681968745}, "high": {"precision": 0.2316869392992676, "recall": 0.21980207340006963, "f1-measure": 0.20874812879346982}}, "rougeLsum": {"low": {"precision": 0.23941698963999353, "recall": 0.22696177454779762, "f1-measure": 0.2241965746792455}, "mid": {"precision": 0.252050346927573, "recall": 0.2369573872690755, "f1-measure": 0.23145733968524934}, "high": {"precision": 0.2654800384242108, "recall": 0.24758453097050925, "f1-measure": 0.23921473243794028}}}