{"rouge1": {"low": {"precision": 0.24567727874808606, "recall": 0.43445610500263104, "f1-measure": 0.2934557785484679}, "mid": {"precision": 0.2676570318026597, "recall": 0.4524723318684002, "f1-measure": 0.309410787403492}, "high": {"precision": 0.29039130631265697, "recall": 0.47002689850482826, "f1-measure": 0.3243210806903784}}, "rouge2": {"low": {"precision": 0.05089247301326437, "recall": 0.08864178123730425, "f1-measure": 0.06049268314606764}, "mid": {"precision": 0.057942588175650525, "recall": 0.09587964054504566, "f1-measure": 0.06620516759890763}, "high": {"precision": 0.06444955198565282, "recall": 0.10361263412251714, "f1-measure": 0.0716399744314016}}, "rougeL": {"low": {"precision": 0.12995129917162918, "recall": 0.2339634814597532, "f1-measure": 0.1569314870377291}, "mid": {"precision": 0.1401309286620113, "recall": 0.24527063610533537, "f1-measure": 0.16308698886520487}, "high": {"precision": 0.15132991358148695, "recall": 0.2556354744583975, "f1-measure": 0.169429506554513}}, "rougeLsum": {"low": {"precision": 0.15303021690942395, "recall": 0.2727683503140429, "f1-measure": 0.18263812543486668}, "mid": {"precision": 0.16478618499422032, "recall": 0.2852054513607442, "f1-measure": 0.19217109708620078}, "high": {"precision": 0.1786599928454546, "recall": 0.299774176499783, "f1-measure": 0.20122132330189044}}}