{"rouge1": {"low": {"precision": 0.3902701642428521, "recall": 0.36461403049725766, "f1-measure": 0.3680550203672671}, "mid": {"precision": 0.40780226074368253, "recall": 0.37827660994442625, "f1-measure": 0.37774739803628277}, "high": {"precision": 0.4271457114749493, "recall": 0.393493248106619, "f1-measure": 0.38750799988834145}}, "rouge2": {"low": {"precision": 0.08416010273528747, "recall": 0.07681322199866678, "f1-measure": 0.07735106219767844}, "mid": {"precision": 0.09318559398687426, "recall": 0.08362742672973333, "f1-measure": 0.08426799979581454}, "high": {"precision": 0.10265357004021533, "recall": 0.0909780675764864, "f1-measure": 0.09101262911162426}}, "rougeL": {"low": {"precision": 0.19696938214647985, "recall": 0.18423439823590956, "f1-measure": 0.18553431927436576}, "mid": {"precision": 0.20656261419305383, "recall": 0.19168950357184436, "f1-measure": 0.190805113794142}, "high": {"precision": 0.21593206868253753, "recall": 0.20069621510987434, "f1-measure": 0.19651969016260232}}, "rougeLsum": {"low": {"precision": 0.22466461580961986, "recall": 0.2085811703467238, "f1-measure": 0.21097994547582544}, "mid": {"precision": 0.23737586715634557, "recall": 0.21811376831306212, "f1-measure": 0.21813448350051914}, "high": {"precision": 0.25059920235776867, "recall": 0.2277723055671219, "f1-measure": 0.2260555001851899}}}