{"rouge1": {"low": {"precision": 0.3666201210972606, "recall": 0.40562710733939367, "f1-measure": 0.3755648104501252}, "mid": {"precision": 0.3767541142982622, "recall": 0.41716922539862983, "f1-measure": 0.3809025275134056}, "high": {"precision": 0.38792720768958605, "recall": 0.4280315513350288, "f1-measure": 0.38601593696939096}}, "rouge2": {"low": {"precision": 0.07586946148934108, "recall": 0.08995886716542283, "f1-measure": 0.0784529294608549}, "mid": {"precision": 0.0793764828776615, "recall": 0.09430361879480367, "f1-measure": 0.08150494724687349}, "high": {"precision": 0.08274593216846239, "recall": 0.09910364208141786, "f1-measure": 0.08439502928048945}}, "rougeL": {"low": {"precision": 0.17843633729730143, "recall": 0.2118308208042637, "f1-measure": 0.18774631793024474}, "mid": {"precision": 0.1833613916404648, "recall": 0.21851264456277703, "f1-measure": 0.19029124536079756}, "high": {"precision": 0.18796984149816737, "recall": 0.2253652517743969, "f1-measure": 0.19316504905093018}}, "rougeLsum": {"low": {"precision": 0.24965128464732517, "recall": 0.27796150671982733, "f1-measure": 0.2524947676372218}, "mid": {"precision": 0.25961556435110056, "recall": 0.28625962984322556, "f1-measure": 0.25722134253091555}, "high": {"precision": 0.27034839265719457, "recall": 0.2942794935986879, "f1-measure": 0.2620238394717541}}}