{"rouge1": {"low": {"precision": 0.4217299148796732, "recall": 0.3795895291249418, "f1-measure": 0.3883856193571326}, "mid": {"precision": 0.4330248126717773, "recall": 0.3918546365462479, "f1-measure": 0.39620663657485694}, "high": {"precision": 0.44384057377532715, "recall": 0.4042478012180256, "f1-measure": 0.4038566911074102}}, "rouge2": {"low": {"precision": 0.10383338124318123, "recall": 0.09364029808922958, "f1-measure": 0.09346094454682663}, "mid": {"precision": 0.10926774178539761, "recall": 0.0992322967363933, "f1-measure": 0.09801689859344859}, "high": {"precision": 0.11526287247485388, "recall": 0.10552266835266767, "f1-measure": 0.10279429725221807}}, "rougeL": {"low": {"precision": 0.2114636120497951, "recall": 0.20417441594559402, "f1-measure": 0.20033045168429311}, "mid": {"precision": 0.2186291940667067, "recall": 0.21216088361070717, "f1-measure": 0.2049713047093925}, "high": {"precision": 0.2253367189118839, "recall": 0.2200420650221924, "f1-measure": 0.2096643753479949}}, "rougeLsum": {"low": {"precision": 0.28762451105275777, "recall": 0.2515051729267706, "f1-measure": 0.2571504313024915}, "mid": {"precision": 0.2985585678907982, "recall": 0.25943837724842395, "f1-measure": 0.2626964207710055}, "high": {"precision": 0.30925813934273044, "recall": 0.2685383863206153, "f1-measure": 0.2684353856770669}}}