{"rouge1": {"low": {"precision": 0.3331741956428203, "recall": 0.3582142252539809, "f1-measure": 0.3311157976884413}, "mid": {"precision": 0.35461352420688086, "recall": 0.37397544245032865, "f1-measure": 0.3421987681888127}, "high": {"precision": 0.3757235033249217, "recall": 0.3884408437061683, "f1-measure": 0.35274369015802665}}, "rouge2": {"low": {"precision": 0.06664212571851397, "recall": 0.06910212167049594, "f1-measure": 0.0644229651942433}, "mid": {"precision": 0.074741183347497, "recall": 0.07559331978849743, "f1-measure": 0.07020495573719227}, "high": {"precision": 0.08301318374647763, "recall": 0.08182423148559755, "f1-measure": 0.07602726335109303}}, "rougeL": {"low": {"precision": 0.17488786062004877, "recall": 0.18905461653223268, "f1-measure": 0.17380929386441712}, "mid": {"precision": 0.18537794796929868, "recall": 0.19713574826272917, "f1-measure": 0.17908938810933867}, "high": {"precision": 0.1963526642823258, "recall": 0.20602877189293878, "f1-measure": 0.18404582140193135}}, "rougeLsum": {"low": {"precision": 0.19766899353852316, "recall": 0.2151892228951373, "f1-measure": 0.1973256791016192}, "mid": {"precision": 0.2105560593943988, "recall": 0.227149674597473, "f1-measure": 0.2052552916265733}, "high": {"precision": 0.22407236887400794, "recall": 0.23896288718530256, "f1-measure": 0.21370775202640965}}}