{"rouge1": {"low": {"precision": 0.33278743519370957, "recall": 0.49443532065867724, "f1-measure": 0.386229044718867}, "mid": {"precision": 0.3510211322763535, "recall": 0.5059713083495592, "f1-measure": 0.39998138657062143}, "high": {"precision": 0.3686416167396414, "recall": 0.5187197887253051, "f1-measure": 0.41305676352087123}}, "rouge2": {"low": {"precision": 0.0763733285967708, "recall": 0.11236031923105612, "f1-measure": 0.08833848189107654}, "mid": {"precision": 0.08255624689684676, "recall": 0.11988778533857965, "f1-measure": 0.09386965157103992}, "high": {"precision": 0.08888007484738067, "recall": 0.12729492961898992, "f1-measure": 0.09960046639676445}}, "rougeL": {"low": {"precision": 0.15689463636722598, "recall": 0.2349777404704973, "f1-measure": 0.18368205047813882}, "mid": {"precision": 0.16371275249059672, "recall": 0.24440926968759544, "f1-measure": 0.18878734240047879}, "high": {"precision": 0.1708552429254361, "recall": 0.2554426516635208, "f1-measure": 0.19351763612754846}}, "rougeLsum": {"low": {"precision": 0.19259520320139342, "recall": 0.2870825571852377, "f1-measure": 0.2244012447882298}, "mid": {"precision": 0.20377358293902792, "recall": 0.29628471781592336, "f1-measure": 0.2322237667312836}, "high": {"precision": 0.21668039706835945, "recall": 0.30662412385506205, "f1-measure": 0.24047970636744098}}}