{"rouge1": {"low": {"precision": 0.41091573464238146, "recall": 0.28077375139912975, "f1-measure": 0.32048834479283234}, "mid": {"precision": 0.4216107626830552, "recall": 0.2950273843630784, "f1-measure": 0.33244494202945307}, "high": {"precision": 0.43265258880150376, "recall": 0.30807472396735547, "f1-measure": 0.34343371217492036}}, "rouge2": {"low": {"precision": 0.08968113120423403, "recall": 0.061077613645723214, "f1-measure": 0.0691227602265313}, "mid": {"precision": 0.09627260236897214, "recall": 0.06660017813251165, "f1-measure": 0.07461446890747819}, "high": {"precision": 0.10292969945674346, "recall": 0.0728525021158163, "f1-measure": 0.08032298627736342}}, "rougeL": {"low": {"precision": 0.23358122728342373, "recall": 0.15809756517453719, "f1-measure": 0.18039301578697653}, "mid": {"precision": 0.24031425985833338, "recall": 0.16649323427618945, "f1-measure": 0.18717505069561638}, "high": {"precision": 0.2477621305413586, "recall": 0.17460173551069216, "f1-measure": 0.19367571708177117}}, "rougeLsum": {"low": {"precision": 0.27665364115177216, "recall": 0.17541415901923688, "f1-measure": 0.20490883310729804}, "mid": {"precision": 0.2849585283545989, "recall": 0.1845355973155498, "f1-measure": 0.2125032620861967}, "high": {"precision": 0.29368758741122314, "recall": 0.1933041023764395, "f1-measure": 0.2195784768903305}}}