{"rouge1": {"low": {"precision": 0.3785153920457126, "recall": 0.3997752952316136, "f1-measure": 0.3768861779314119}, "mid": {"precision": 0.38916593144208483, "recall": 0.41210311561765944, "f1-measure": 0.3825998109765662}, "high": {"precision": 0.40055395466545135, "recall": 0.4241835319354199, "f1-measure": 0.3884945069238371}}, "rouge2": {"low": {"precision": 0.08260367842614048, "recall": 0.0880519938873112, "f1-measure": 0.08061942313194345}, "mid": {"precision": 0.0868543751695085, "recall": 0.09360518127311093, "f1-measure": 0.08392300258971479}, "high": {"precision": 0.0909645657825732, "recall": 0.09877880496378613, "f1-measure": 0.08729841072309666}}, "rougeL": {"low": {"precision": 0.18418764566291715, "recall": 0.2065339121425344, "f1-measure": 0.18659810246494957}, "mid": {"precision": 0.19006211825753183, "recall": 0.21421798308153817, "f1-measure": 0.19014168326847858}, "high": {"precision": 0.1959668622739055, "recall": 0.22202760141004968, "f1-measure": 0.1935202541456957}}, "rougeLsum": {"low": {"precision": 0.252844525888942, "recall": 0.2633154862119879, "f1-measure": 0.24680010117531884}, "mid": {"precision": 0.2641020399254883, "recall": 0.273395042010145, "f1-measure": 0.2526403299384185}, "high": {"precision": 0.2757986279818641, "recall": 0.28383724947337535, "f1-measure": 0.2583752487708556}}}