{"rouge1": {"low": {"precision": 0.37224596064790644, "recall": 0.34741910816937677, "f1-measure": 0.3451545070179709}, "mid": {"precision": 0.38407260416994177, "recall": 0.3586564428956668, "f1-measure": 0.3530988255881413}, "high": {"precision": 0.395822881456497, "recall": 0.370279931068109, "f1-measure": 0.3597995403761796}}, "rouge2": {"low": {"precision": 0.0804263129870179, "recall": 0.07823719629934726, "f1-measure": 0.07378540319236761}, "mid": {"precision": 0.08599373679755604, "recall": 0.08304279395784486, "f1-measure": 0.0772448781339516}, "high": {"precision": 0.0940454771660563, "recall": 0.08815817517936285, "f1-measure": 0.08067183783421883}}, "rougeL": {"low": {"precision": 0.19940308391327619, "recall": 0.19696047445942425, "f1-measure": 0.1895110262019211}, "mid": {"precision": 0.20713987836935144, "recall": 0.20396078234930973, "f1-measure": 0.1933956620767568}, "high": {"precision": 0.21516796836388033, "recall": 0.21148512169168823, "f1-measure": 0.19744812701989606}}, "rougeLsum": {"low": {"precision": 0.2498073579317272, "recall": 0.22994507753498983, "f1-measure": 0.22796982811208538}, "mid": {"precision": 0.2606069791932092, "recall": 0.23807138263448213, "f1-measure": 0.2327988076259308}, "high": {"precision": 0.27241818743977514, "recall": 0.24641721627992597, "f1-measure": 0.2377278076179617}}}