{"rouge1": {"low": {"precision": 0.24752145893157046, "recall": 0.5272797450238322, "f1-measure": 0.3283330832703904}, "mid": {"precision": 0.2632899319130142, "recall": 0.539743216971434, "f1-measure": 0.34232218429314515}, "high": {"precision": 0.280299528236123, "recall": 0.5523518593146074, "f1-measure": 0.3560855031082163}}, "rouge2": {"low": {"precision": 0.06117180240374519, "recall": 0.12959116941073845, "f1-measure": 0.08082812088991696}, "mid": {"precision": 0.06634290859055456, "recall": 0.13746067558378733, "f1-measure": 0.08647146038619677}, "high": {"precision": 0.071685647925802, "recall": 0.14576487890973233, "f1-measure": 0.09197076456479517}}, "rougeL": {"low": {"precision": 0.12394245915796111, "recall": 0.26716673789364387, "f1-measure": 0.1655578739866678}, "mid": {"precision": 0.1304811694096891, "recall": 0.27636776286012477, "f1-measure": 0.17119503565666871}, "high": {"precision": 0.1369104139435768, "recall": 0.286341849829037, "f1-measure": 0.17661787538623733}}, "rougeLsum": {"low": {"precision": 0.15913827524852972, "recall": 0.33846927313452685, "f1-measure": 0.21172180440253985}, "mid": {"precision": 0.16906597310494378, "recall": 0.3506194491935768, "f1-measure": 0.220646271915276}, "high": {"precision": 0.18007360717029736, "recall": 0.36220639010003586, "f1-measure": 0.23086686568531758}}}