{"rouge1": {"low": {"precision": 0.41447747414678654, "recall": 0.38459299637452016, "f1-measure": 0.38769251430702795}, "mid": {"precision": 0.4256540412377438, "recall": 0.3965846274115805, "f1-measure": 0.39505450678412163}, "high": {"precision": 0.43668667599679817, "recall": 0.4090526268472522, "f1-measure": 0.40233505588823976}}, "rouge2": {"low": {"precision": 0.09762028487030568, "recall": 0.09153130769469826, "f1-measure": 0.08986381027862028}, "mid": {"precision": 0.10269022342858758, "recall": 0.09698324169916003, "f1-measure": 0.09407908389352465}, "high": {"precision": 0.10781334375332356, "recall": 0.10235278532871966, "f1-measure": 0.09868005358512638}}, "rougeL": {"low": {"precision": 0.20533758953380613, "recall": 0.20315491248978, "f1-measure": 0.19692590093449094}, "mid": {"precision": 0.21254558162858805, "recall": 0.21010717012230962, "f1-measure": 0.2010058568581201}, "high": {"precision": 0.21940291517038982, "recall": 0.21738522824096113, "f1-measure": 0.20604833453924615}}, "rougeLsum": {"low": {"precision": 0.28556513074698175, "recall": 0.2557899361668848, "f1-measure": 0.2580275655896453}, "mid": {"precision": 0.2958466048134747, "recall": 0.2647555813799779, "f1-measure": 0.2641851846063373}, "high": {"precision": 0.3056207654188915, "recall": 0.27336578721128474, "f1-measure": 0.26957400836427386}}}