{"rouge1": {"low": {"precision": 0.3274128112374574, "recall": 0.45315817787355483, "f1-measure": 0.3698326967708386}, "mid": {"precision": 0.34547281186149037, "recall": 0.4678760391232739, "f1-measure": 0.3814482121549977}, "high": {"precision": 0.3624752576399945, "recall": 0.48254386283075973, "f1-measure": 0.3931411439440281}}, "rouge2": {"low": {"precision": 0.072119319120885, "recall": 0.10038268841213527, "f1-measure": 0.08111906634727686}, "mid": {"precision": 0.07779094151353812, "recall": 0.10762273864451152, "f1-measure": 0.08641614381089746}, "high": {"precision": 0.08419193429351977, "recall": 0.11559140107736247, "f1-measure": 0.09245227836260947}}, "rougeL": {"low": {"precision": 0.15778207993508567, "recall": 0.22040779505737154, "f1-measure": 0.17941962438117562}, "mid": {"precision": 0.16525352726144343, "recall": 0.2299322866739516, "f1-measure": 0.18392895651920205}, "high": {"precision": 0.17309875436481725, "recall": 0.23937074851007975, "f1-measure": 0.18877079894240922}}, "rougeLsum": {"low": {"precision": 0.18119399764997784, "recall": 0.2529495778794362, "f1-measure": 0.20522091599049846}, "mid": {"precision": 0.1914722055707484, "recall": 0.2640932169408928, "f1-measure": 0.2128183801234666}, "high": {"precision": 0.20172117718878385, "recall": 0.27754907720817634, "f1-measure": 0.2205468841144427}}}