{"rouge1": {"low": {"precision": 0.24470782899687998, "recall": 0.47029984564877353, "f1-measure": 0.31488817419180926}, "mid": {"precision": 0.2582278459359522, "recall": 0.48302812434963494, "f1-measure": 0.32630837125645296}, "high": {"precision": 0.27248995130016374, "recall": 0.49730251698534544, "f1-measure": 0.3381955818981315}}, "rouge2": {"low": {"precision": 0.037254380861265514, "recall": 0.071463939257335, "f1-measure": 0.04774288138424244}, "mid": {"precision": 0.04069039019216714, "recall": 0.07711472603538877, "f1-measure": 0.05154686364282294}, "high": {"precision": 0.04439150566729995, "recall": 0.08316171999162424, "f1-measure": 0.05566387884313676}}, "rougeL": {"low": {"precision": 0.11200416798698573, "recall": 0.2169533698335203, "f1-measure": 0.14468976226008953}, "mid": {"precision": 0.11685095824193083, "recall": 0.22545614230560815, "f1-measure": 0.14877257580810987}, "high": {"precision": 0.12197982441299705, "recall": 0.23640807664024807, "f1-measure": 0.15292625264913118}}, "rougeLsum": {"low": {"precision": 0.14847092427547393, "recall": 0.2844183597638658, "f1-measure": 0.19061961621899207}, "mid": {"precision": 0.15742888944127933, "recall": 0.29407966343331876, "f1-measure": 0.19823225282591772}, "high": {"precision": 0.16711727279832658, "recall": 0.30441233497198944, "f1-measure": 0.20589105109793557}}}