{"rouge1": {"low": {"precision": 0.282637513931423, "recall": 0.46159764941724535, "f1-measure": 0.338762239350728}, "mid": {"precision": 0.29979263143030754, "recall": 0.47697566627632926, "f1-measure": 0.3517431829406626}, "high": {"precision": 0.3168591065379369, "recall": 0.4920527892609714, "f1-measure": 0.3637688891190266}}, "rouge2": {"low": {"precision": 0.055454967971797046, "recall": 0.09037461897995261, "f1-measure": 0.06625531860184518}, "mid": {"precision": 0.06173123549399372, "recall": 0.09827546283780203, "f1-measure": 0.07231070434266791}, "high": {"precision": 0.06785347419325834, "recall": 0.10630835357768668, "f1-measure": 0.07814759905770358}}, "rougeL": {"low": {"precision": 0.13616704022378798, "recall": 0.22501987786758149, "f1-measure": 0.16451261652690755}, "mid": {"precision": 0.14329355351376138, "recall": 0.23399116012077834, "f1-measure": 0.1696571998890774}, "high": {"precision": 0.1508505811228382, "recall": 0.24465914296175825, "f1-measure": 0.17464862818711208}}, "rougeLsum": {"low": {"precision": 0.16520162317606824, "recall": 0.274357430267633, "f1-measure": 0.20025845603108408}, "mid": {"precision": 0.175693357287562, "recall": 0.2849941402890743, "f1-measure": 0.20770163392645474}, "high": {"precision": 0.18693977124360076, "recall": 0.2978059094696054, "f1-measure": 0.215718699338916}}}