{"rouge1": {"low": {"precision": 0.35098753491474605, "recall": 0.34567041810795335, "f1-measure": 0.3401162353602199}, "mid": {"precision": 0.3597622122436145, "recall": 0.35593018186539166, "f1-measure": 0.3449748298732944}, "high": {"precision": 0.3697616200541273, "recall": 0.3652097731172476, "f1-measure": 0.34940231704120894}}, "rouge2": {"low": {"precision": 0.061538883864596355, "recall": 0.06888548426581612, "f1-measure": 0.061861178472937615}, "mid": {"precision": 0.06414139847331302, "recall": 0.07293840243567468, "f1-measure": 0.06464539447698635}, "high": {"precision": 0.06708207092002332, "recall": 0.07712737343385906, "f1-measure": 0.06735324064225776}}, "rougeL": {"low": {"precision": 0.1777653225524695, "recall": 0.19645321749944875, "f1-measure": 0.1813422072023188}, "mid": {"precision": 0.18185410418922354, "recall": 0.20240638110267278, "f1-measure": 0.18374601719130457}, "high": {"precision": 0.18636873307125043, "recall": 0.20869437245533565, "f1-measure": 0.18605090435376512}}, "rougeLsum": {"low": {"precision": 0.24830850777998992, "recall": 0.24072613673243518, "f1-measure": 0.23535907940811204}, "mid": {"precision": 0.25775422419533467, "recall": 0.24768484398201152, "f1-measure": 0.23984245819640132}, "high": {"precision": 0.26653515489254515, "recall": 0.2544140403415013, "f1-measure": 0.24379331977943938}}}