{"rouge1": {"low": {"precision": 0.28663618360450716, "recall": 0.44279763600320576, "f1-measure": 0.33809816086059}, "mid": {"precision": 0.3016841556106534, "recall": 0.4543118983384242, "f1-measure": 0.34990239461480604}, "high": {"precision": 0.3175079999180016, "recall": 0.4666903670181165, "f1-measure": 0.362048035102881}}, "rouge2": {"low": {"precision": 0.054389946406018526, "recall": 0.08318375597347469, "f1-measure": 0.06380230151187069}, "mid": {"precision": 0.059027577414653275, "recall": 0.09029920413393733, "f1-measure": 0.06868897575977972}, "high": {"precision": 0.0643680177907903, "recall": 0.09672723460581704, "f1-measure": 0.07379265407394942}}, "rougeL": {"low": {"precision": 0.14115682464240656, "recall": 0.22047383877453827, "f1-measure": 0.16852446800223173}, "mid": {"precision": 0.1473942983714121, "recall": 0.22938332000855982, "f1-measure": 0.1725557682022817}, "high": {"precision": 0.15303899594757092, "recall": 0.2407182576185969, "f1-measure": 0.176726759652425}}, "rougeLsum": {"low": {"precision": 0.16804376296289472, "recall": 0.26234683814368187, "f1-measure": 0.19968871717010853}, "mid": {"precision": 0.17895655888922907, "recall": 0.2717903020197112, "f1-measure": 0.2074467935996967}, "high": {"precision": 0.19005403233656068, "recall": 0.28321799902003125, "f1-measure": 0.2159410531572664}}}