{"rouge1": {"low": {"precision": 0.3272960834074419, "recall": 0.3837713290253528, "f1-measure": 0.3269895636115417}, "mid": {"precision": 0.34990759108919756, "recall": 0.4023346667708704, "f1-measure": 0.3425256932222073}, "high": {"precision": 0.3738541488995325, "recall": 0.4200366731140954, "f1-measure": 0.35728943101734956}}, "rouge2": {"low": {"precision": 0.07261441759334776, "recall": 0.08474461700808172, "f1-measure": 0.07252652062321112}, "mid": {"precision": 0.08136551888930603, "recall": 0.09194688306777402, "f1-measure": 0.07873863948712573}, "high": {"precision": 0.08964678693045088, "recall": 0.10016747675539608, "f1-measure": 0.08539111878318699}}, "rougeL": {"low": {"precision": 0.17159750614354027, "recall": 0.20525337518567532, "f1-measure": 0.17382711138726878}, "mid": {"precision": 0.1846430980478388, "recall": 0.21469124410983342, "f1-measure": 0.18036944516688524}, "high": {"precision": 0.1976734798987468, "recall": 0.2257703267550058, "f1-measure": 0.1864955946044352}}, "rougeLsum": {"low": {"precision": 0.19433391801570765, "recall": 0.23303620843927375, "f1-measure": 0.19691664862293237}, "mid": {"precision": 0.20842163288208881, "recall": 0.24699607116929914, "f1-measure": 0.20582696325575434}, "high": {"precision": 0.2223207737755422, "recall": 0.2611130467398172, "f1-measure": 0.21530742854534476}}}