{"rouge1": {"low": {"precision": 0.3817448246180398, "recall": 0.40556687494932897, "f1-measure": 0.38350629098768463}, "mid": {"precision": 0.3918832744919602, "recall": 0.416872177575906, "f1-measure": 0.3889522871030614}, "high": {"precision": 0.4025307993181247, "recall": 0.42798689116422767, "f1-measure": 0.39444704560471217}}, "rouge2": {"low": {"precision": 0.08249079635161959, "recall": 0.09614951818408375, "f1-measure": 0.0847778205287346}, "mid": {"precision": 0.08629961086914797, "recall": 0.10164268975848023, "f1-measure": 0.08830065033788272}, "high": {"precision": 0.09017845308633321, "recall": 0.10699444296795742, "f1-measure": 0.09199841987767238}}, "rougeL": {"low": {"precision": 0.18177932937266084, "recall": 0.2163955688997629, "f1-measure": 0.19179531740270778}, "mid": {"precision": 0.18624114126901783, "recall": 0.22359018257649407, "f1-measure": 0.19455920883156547}, "high": {"precision": 0.19135484531173474, "recall": 0.23136297239648118, "f1-measure": 0.1976814911573}}, "rougeLsum": {"low": {"precision": 0.25426571514960905, "recall": 0.2723754393947653, "f1-measure": 0.2542137524774526}, "mid": {"precision": 0.264204207629371, "recall": 0.28096980657410053, "f1-measure": 0.259011203109775}, "high": {"precision": 0.2743725119824822, "recall": 0.28890646543608234, "f1-measure": 0.2645294320929554}}}