{"rouge1": {"low": {"precision": 0.25386831930292575, "recall": 0.46554178196850754, "f1-measure": 0.32129247785259896}, "mid": {"precision": 0.2661510431667742, "recall": 0.48034387922725974, "f1-measure": 0.3317372533720464}, "high": {"precision": 0.28045540175839145, "recall": 0.4962822086226599, "f1-measure": 0.3431659611061282}}, "rouge2": {"low": {"precision": 0.04143300919561665, "recall": 0.07600188289772815, "f1-measure": 0.052224979469675276}, "mid": {"precision": 0.045300933166001825, "recall": 0.08223509888867214, "f1-measure": 0.05653392891748861}, "high": {"precision": 0.04918797277185627, "recall": 0.0883314470196797, "f1-measure": 0.06088597755196335}}, "rougeL": {"low": {"precision": 0.11477492300574028, "recall": 0.2131057766644624, "f1-measure": 0.14606312462346505}, "mid": {"precision": 0.12002818413383641, "recall": 0.22314899392903514, "f1-measure": 0.15091357820278994}, "high": {"precision": 0.12491649446602962, "recall": 0.23451415553206192, "f1-measure": 0.155503036928284}}, "rougeLsum": {"low": {"precision": 0.14920759121231644, "recall": 0.27521609375504663, "f1-measure": 0.18939860594553748}, "mid": {"precision": 0.15756137350191532, "recall": 0.2857564266528153, "f1-measure": 0.1962264890541382}, "high": {"precision": 0.16627621541302776, "recall": 0.29662218515766275, "f1-measure": 0.20375897316963507}}}