{"rouge1": {"low": {"precision": 0.3382312941237161, "recall": 0.4049751490412441, "f1-measure": 0.350469353560264}, "mid": {"precision": 0.3582937191648531, "recall": 0.42188833668581194, "f1-measure": 0.36446311439852846}, "high": {"precision": 0.3788787068992938, "recall": 0.43880576255210374, "f1-measure": 0.3775530484047191}}, "rouge2": {"low": {"precision": 0.07561898988437106, "recall": 0.08972879977262448, "f1-measure": 0.07788315772718624}, "mid": {"precision": 0.08397531143049144, "recall": 0.0978291046243908, "f1-measure": 0.08428359600020512}, "high": {"precision": 0.0930276017904813, "recall": 0.10517675058440125, "f1-measure": 0.0903980069168676}}, "rougeL": {"low": {"precision": 0.17219547076288413, "recall": 0.20782668001249208, "f1-measure": 0.1802077990845344}, "mid": {"precision": 0.18261172283589006, "recall": 0.21843176539557452, "f1-measure": 0.18579088291181736}, "high": {"precision": 0.19343716997887236, "recall": 0.22849932445938215, "f1-measure": 0.1909249970082703}}, "rougeLsum": {"low": {"precision": 0.1982023064668133, "recall": 0.24121496542641938, "f1-measure": 0.20784736766675105}, "mid": {"precision": 0.21132926659112716, "recall": 0.2541724784555872, "f1-measure": 0.21648838238157028}, "high": {"precision": 0.2250025816387196, "recall": 0.2680506998734979, "f1-measure": 0.22586706385510194}}}