{"rouge1": {"low": {"precision": 0.3415779333405149, "recall": 0.38080930703078336, "f1-measure": 0.3484322398738731}, "mid": {"precision": 0.36146647919429853, "recall": 0.3940464142743728, "f1-measure": 0.36004445471030333}, "high": {"precision": 0.38120386210255536, "recall": 0.40757863545231404, "f1-measure": 0.3700452172641891}}, "rouge2": {"low": {"precision": 0.07219627118432424, "recall": 0.07943007635947678, "f1-measure": 0.07253515697988182}, "mid": {"precision": 0.07997949861389642, "recall": 0.08531364544224401, "f1-measure": 0.07838925643759995}, "high": {"precision": 0.08862186294320992, "recall": 0.09207217328847575, "f1-measure": 0.08449857389350814}}, "rougeL": {"low": {"precision": 0.1743906218174274, "recall": 0.1954312522647032, "f1-measure": 0.17859107228172358}, "mid": {"precision": 0.1829455607494055, "recall": 0.20363503325526178, "f1-measure": 0.18351806536290374}, "high": {"precision": 0.19273656208027512, "recall": 0.2123071406466548, "f1-measure": 0.18880358953545004}}, "rougeLsum": {"low": {"precision": 0.19957679324384903, "recall": 0.2243336985131748, "f1-measure": 0.20416992936339629}, "mid": {"precision": 0.21161610491390664, "recall": 0.23596367383183797, "f1-measure": 0.2128811818645424}, "high": {"precision": 0.2246982047760978, "recall": 0.24831678218303743, "f1-measure": 0.22223852436670347}}}