{"rouge1": {"low": {"precision": 0.4278264818726627, "recall": 0.38654476898205153, "f1-measure": 0.39516258818353256}, "mid": {"precision": 0.4392201994364566, "recall": 0.39792406882349973, "f1-measure": 0.4022202786364111}, "high": {"precision": 0.45022063223299896, "recall": 0.41069585229188316, "f1-measure": 0.40952217953776576}}, "rouge2": {"low": {"precision": 0.10432407757857909, "recall": 0.09315374340078429, "f1-measure": 0.09352889379596911}, "mid": {"precision": 0.10999766163930924, "recall": 0.09857068613297214, "f1-measure": 0.0985293519087731}, "high": {"precision": 0.11566340059565207, "recall": 0.10412169683699786, "f1-measure": 0.10307900181772782}}, "rougeL": {"low": {"precision": 0.21591253595835308, "recall": 0.20702593760750052, "f1-measure": 0.20352535095710117}, "mid": {"precision": 0.2232453858921863, "recall": 0.2150786962897272, "f1-measure": 0.20819496800991702}, "high": {"precision": 0.23044443840825976, "recall": 0.22301182762994431, "f1-measure": 0.21277057516817863}}, "rougeLsum": {"low": {"precision": 0.2937427073885154, "recall": 0.25545169168113024, "f1-measure": 0.26267904423774285}, "mid": {"precision": 0.30508781911511906, "recall": 0.2636085752396664, "f1-measure": 0.2681457800580024}, "high": {"precision": 0.315451976042201, "recall": 0.2726468740718097, "f1-measure": 0.2741559100965121}}}