{"rouge1": {"low": {"precision": 0.3333256423643109, "recall": 0.36010692585215764, "f1-measure": 0.3385146452570602}, "mid": {"precision": 0.34260043372537696, "recall": 0.36955587494903164, "f1-measure": 0.3427960431737187}, "high": {"precision": 0.35211749318860563, "recall": 0.37904716048716497, "f1-measure": 0.347368388914364}}, "rouge2": {"low": {"precision": 0.057459379596010045, "recall": 0.07120703647083661, "f1-measure": 0.060573842880232105}, "mid": {"precision": 0.05983962406779643, "recall": 0.07493517205406121, "f1-measure": 0.06280596324955072}, "high": {"precision": 0.06233718941366262, "recall": 0.0790292375930765, "f1-measure": 0.06551640037381196}}, "rougeL": {"low": {"precision": 0.1670647455590105, "recall": 0.20185872175123074, "f1-measure": 0.17705914804416506}, "mid": {"precision": 0.17103444342476393, "recall": 0.20818281828152846, "f1-measure": 0.17947096821939734}, "high": {"precision": 0.17496553988438154, "recall": 0.2149163632385533, "f1-measure": 0.18174379511186659}}, "rougeLsum": {"low": {"precision": 0.23496563749713167, "recall": 0.2516942353009534, "f1-measure": 0.23333183574196878}, "mid": {"precision": 0.24313475357770162, "recall": 0.25851059538062615, "f1-measure": 0.23751299878102747}, "high": {"precision": 0.2525717573698671, "recall": 0.26585913906059094, "f1-measure": 0.2414456004829152}}}