{"rouge1": {"low": {"precision": 0.3764929981074022, "recall": 0.3548028887110321, "f1-measure": 0.35451706797746446}, "mid": {"precision": 0.38695452905168437, "recall": 0.365009643506426, "f1-measure": 0.36083945929356254}, "high": {"precision": 0.3973168925000679, "recall": 0.37554551512977385, "f1-measure": 0.3670444019968977}}, "rouge2": {"low": {"precision": 0.08336750885487892, "recall": 0.07731939934177584, "f1-measure": 0.07618147915871228}, "mid": {"precision": 0.08780068026822509, "recall": 0.08193004327710993, "f1-measure": 0.07981387242413543}, "high": {"precision": 0.09234819912493183, "recall": 0.08672098510751142, "f1-measure": 0.08353569270790757}}, "rougeL": {"low": {"precision": 0.19933308166428393, "recall": 0.20096635574402677, "f1-measure": 0.19260026069800693}, "mid": {"precision": 0.20512270208031674, "recall": 0.20737539530424381, "f1-measure": 0.19628325545561892}, "high": {"precision": 0.21136938104182243, "recall": 0.21422965662572352, "f1-measure": 0.20018567789500985}}, "rougeLsum": {"low": {"precision": 0.24898971501746056, "recall": 0.23088908740052363, "f1-measure": 0.22940401060262558}, "mid": {"precision": 0.2597601751765029, "recall": 0.23881545190547912, "f1-measure": 0.23397804965753266}, "high": {"precision": 0.26941788215068024, "recall": 0.2466356684515174, "f1-measure": 0.23878242669903138}}}