{"rouge1": {"low": {"precision": 0.2585554789444904, "recall": 0.4244745654176988, "f1-measure": 0.31372476712143194}, "mid": {"precision": 0.27175409834062636, "recall": 0.4382093112604487, "f1-measure": 0.32420814666988507}, "high": {"precision": 0.2848719120844625, "recall": 0.4533825674740165, "f1-measure": 0.33422012752471414}}, "rouge2": {"low": {"precision": 0.041220090368532684, "recall": 0.06790185459413475, "f1-measure": 0.049747162349556846}, "mid": {"precision": 0.045398054538668214, "recall": 0.0741998325056683, "f1-measure": 0.05435948153129549}, "high": {"precision": 0.05013579647423252, "recall": 0.08043316690474771, "f1-measure": 0.05907956655457571}}, "rougeL": {"low": {"precision": 0.11917842765827558, "recall": 0.19734027016409902, "f1-measure": 0.14492248449615389}, "mid": {"precision": 0.12450338723476695, "recall": 0.20680229023420138, "f1-measure": 0.14998429099715496}, "high": {"precision": 0.1306612454023594, "recall": 0.21650135769149242, "f1-measure": 0.15484527832039785}}, "rougeLsum": {"low": {"precision": 0.15216157436465183, "recall": 0.25213661796912035, "f1-measure": 0.18578545478263764}, "mid": {"precision": 0.1610568695089594, "recall": 0.26275338113209334, "f1-measure": 0.19239393512569697}, "high": {"precision": 0.17120896313916406, "recall": 0.2759055759950449, "f1-measure": 0.2001460883607594}}}