{"rouge1": {"low": {"precision": 0.42344031156534023, "recall": 0.4148951523258557, "f1-measure": 0.41037330444428866}, "mid": {"precision": 0.4337251775036649, "recall": 0.4261195605903688, "f1-measure": 0.41549351829723}, "high": {"precision": 0.44538651054437245, "recall": 0.436667969197229, "f1-measure": 0.4207813409791167}}, "rouge2": {"low": {"precision": 0.10743370303445297, "recall": 0.10511247294068751, "f1-measure": 0.10191647117413409}, "mid": {"precision": 0.11188506293180978, "recall": 0.10961431738420141, "f1-measure": 0.10511086643337564}, "high": {"precision": 0.11674033216324142, "recall": 0.11394499443121431, "f1-measure": 0.10845437104806503}}, "rougeL": {"low": {"precision": 0.21307259995137362, "recall": 0.21966430514955182, "f1-measure": 0.21012084513567897}, "mid": {"precision": 0.21900048682549095, "recall": 0.22619086970490226, "f1-measure": 0.21344089022536977}, "high": {"precision": 0.22541351788836145, "recall": 0.23271959251135224, "f1-measure": 0.21680782297677506}}, "rougeLsum": {"low": {"precision": 0.2775291867372221, "recall": 0.2667105067527055, "f1-measure": 0.2621621828353124}, "mid": {"precision": 0.2882084445384163, "recall": 0.2741393252352516, "f1-measure": 0.2669626739471922}, "high": {"precision": 0.2994864894641829, "recall": 0.2824157807395321, "f1-measure": 0.2722328592459163}}}