{"rouge1": {"low": {"precision": 0.44655126127530914, "recall": 0.3468913378606967, "f1-measure": 0.37838185431715765}, "mid": {"precision": 0.4583900399527626, "recall": 0.35790103507769, "f1-measure": 0.3854521673426262}, "high": {"precision": 0.4703950730956671, "recall": 0.3686749160401192, "f1-measure": 0.39245738158784393}}, "rouge2": {"low": {"precision": 0.12048577300507758, "recall": 0.0880530327529536, "f1-measure": 0.09654230403225401}, "mid": {"precision": 0.12694062478709436, "recall": 0.09270577626216017, "f1-measure": 0.10065044486742114}, "high": {"precision": 0.1337670402356494, "recall": 0.0980219637262661, "f1-measure": 0.10490207510028574}}, "rougeL": {"low": {"precision": 0.24465859485418742, "recall": 0.19100534931448918, "f1-measure": 0.20665171143552555}, "mid": {"precision": 0.2525028195362916, "recall": 0.19743144788965067, "f1-measure": 0.2104660707118946}, "high": {"precision": 0.2601638384422316, "recall": 0.2038928374747653, "f1-measure": 0.21462512163085942}}, "rougeLsum": {"low": {"precision": 0.30013946804094466, "recall": 0.2178351790923271, "f1-measure": 0.24274795536581212}, "mid": {"precision": 0.3110092128697927, "recall": 0.22562074530463044, "f1-measure": 0.2482378126426132}, "high": {"precision": 0.3206012334061131, "recall": 0.2330586051179985, "f1-measure": 0.2533094190628477}}}