{"rouge1": {"low": {"precision": 0.39448639108913125, "recall": 0.3388214310550753, "f1-measure": 0.3564279512840244}, "mid": {"precision": 0.4143615219583252, "recall": 0.3526510670893365, "f1-measure": 0.36857569482651564}, "high": {"precision": 0.43360121336528845, "recall": 0.36692924083093126, "f1-measure": 0.3805168047631179}}, "rouge2": {"low": {"precision": 0.08616910681692197, "recall": 0.07230501173268254, "f1-measure": 0.07664622452903748}, "mid": {"precision": 0.09515165775245393, "recall": 0.0790024118535905, "f1-measure": 0.08360779667318702}, "high": {"precision": 0.10506613836861442, "recall": 0.08649153280900919, "f1-measure": 0.09191492841664943}}, "rougeL": {"low": {"precision": 0.20017510693793816, "recall": 0.1703628046251542, "f1-measure": 0.1798890507148531}, "mid": {"precision": 0.20947948691750176, "recall": 0.17762416071585616, "f1-measure": 0.1856582941564248}, "high": {"precision": 0.2192666825577824, "recall": 0.18514794301292725, "f1-measure": 0.1925851735425598}}, "rougeLsum": {"low": {"precision": 0.22963874798707537, "recall": 0.19628218153735533, "f1-measure": 0.20675148174033708}, "mid": {"precision": 0.2426092522047798, "recall": 0.20465204625931166, "f1-measure": 0.21461989431998785}, "high": {"precision": 0.25518044548914004, "recall": 0.2128608112167856, "f1-measure": 0.22241921546508767}}}