{"rouge1": {"low": {"precision": 0.34561056832187914, "recall": 0.3732875713966762, "f1-measure": 0.3497660336491586}, "mid": {"precision": 0.3555624754127033, "recall": 0.3841788641912236, "f1-measure": 0.35590018474841867}, "high": {"precision": 0.36499715891520024, "recall": 0.3956151686293258, "f1-measure": 0.36113081783981377}}, "rouge2": {"low": {"precision": 0.06240821700681024, "recall": 0.07596727720935956, "f1-measure": 0.0652641226011934}, "mid": {"precision": 0.06552490917634744, "recall": 0.08076246629258563, "f1-measure": 0.06850984572272117}, "high": {"precision": 0.06919837786070175, "recall": 0.08559179454642095, "f1-measure": 0.07171630028873635}}, "rougeL": {"low": {"precision": 0.17084016194312482, "recall": 0.20364433281091482, "f1-measure": 0.18069895729732802}, "mid": {"precision": 0.17526976997236088, "recall": 0.2102070154060472, "f1-measure": 0.1832138820517769}, "high": {"precision": 0.17993935079237158, "recall": 0.2170124085278872, "f1-measure": 0.18575520168442738}}, "rougeLsum": {"low": {"precision": 0.23987301392865187, "recall": 0.2566450436887222, "f1-measure": 0.2383372375225467}, "mid": {"precision": 0.24859208743993944, "recall": 0.2640151646833596, "f1-measure": 0.24326911147976416}, "high": {"precision": 0.25911523670857023, "recall": 0.27191719321372304, "f1-measure": 0.24811736457759015}}}