{"rouge1": {"low": {"precision": 0.26838652827420983, "recall": 0.44495075021022135, "f1-measure": 0.31398153378631494}, "mid": {"precision": 0.2907225586901764, "recall": 0.4616702181792204, "f1-measure": 0.33025374276028785}, "high": {"precision": 0.3142854989022972, "recall": 0.4783296173285255, "f1-measure": 0.346769927490703}}, "rouge2": {"low": {"precision": 0.05948451239689983, "recall": 0.09580110158106561, "f1-measure": 0.06831400727070443}, "mid": {"precision": 0.06637539438593484, "recall": 0.10415691854495862, "f1-measure": 0.07472647527460603}, "high": {"precision": 0.07384512138496178, "recall": 0.11265749305342405, "f1-measure": 0.08134731997797248}}, "rougeL": {"low": {"precision": 0.13736100163499856, "recall": 0.23489820668389536, "f1-measure": 0.16282328376870744}, "mid": {"precision": 0.14789575234895272, "recall": 0.24665092464701427, "f1-measure": 0.1702428509363503}, "high": {"precision": 0.1574694362976907, "recall": 0.258677487477103, "f1-measure": 0.17645090572086483}}, "rougeLsum": {"low": {"precision": 0.1598636105420568, "recall": 0.2703234038976368, "f1-measure": 0.1881665324378008}, "mid": {"precision": 0.17228340972771533, "recall": 0.2867090413908179, "f1-measure": 0.19818163512502818}, "high": {"precision": 0.1855867470050593, "recall": 0.30234467244275076, "f1-measure": 0.20807142892144104}}}