{"rouge1": {"low": {"precision": 0.23399874176951213, "recall": 0.518208681187757, "f1-measure": 0.31165851223199226}, "mid": {"precision": 0.25098426430375487, "recall": 0.5342841912916088, "f1-measure": 0.3282537973651126}, "high": {"precision": 0.2689264111877366, "recall": 0.5509670933816249, "f1-measure": 0.34465982218254265}}, "rouge2": {"low": {"precision": 0.05583869290297681, "recall": 0.12354374192683863, "f1-measure": 0.0742713255745776}, "mid": {"precision": 0.06127045349493185, "recall": 0.13232991684778528, "f1-measure": 0.08044428050959296}, "high": {"precision": 0.0669873798491486, "recall": 0.14199983837978308, "f1-measure": 0.0871138880441459}}, "rougeL": {"low": {"precision": 0.11839037383560665, "recall": 0.2668317155751288, "f1-measure": 0.15933414703610893}, "mid": {"precision": 0.12486402679052404, "recall": 0.27704589382453726, "f1-measure": 0.16514786861876868}, "high": {"precision": 0.13163862108504581, "recall": 0.2865113133370228, "f1-measure": 0.17093293929888176}}, "rougeLsum": {"low": {"precision": 0.15097968398217493, "recall": 0.3374912670799848, "f1-measure": 0.20277031434656612}, "mid": {"precision": 0.16187186265184328, "recall": 0.35028203328403906, "f1-measure": 0.2122089837184678}, "high": {"precision": 0.17408659097645549, "recall": 0.3631290889131287, "f1-measure": 0.22369841946146762}}}