{"rouge1": {"low": {"precision": 0.31614090888163304, "recall": 0.3528599164855927, "f1-measure": 0.32705380042775883}, "mid": {"precision": 0.3244094172664546, "recall": 0.360880395382558, "f1-measure": 0.33106903158929823}, "high": {"precision": 0.332956472684487, "recall": 0.3689585168083168, "f1-measure": 0.33564956173048166}}, "rouge2": {"low": {"precision": 0.04992154329932146, "recall": 0.06254193604214253, "f1-measure": 0.05332232464738618}, "mid": {"precision": 0.0521073740105941, "recall": 0.06594531132589297, "f1-measure": 0.05538898229592647}, "high": {"precision": 0.05441839492457534, "recall": 0.06931929112302158, "f1-measure": 0.05734241740726345}}, "rougeL": {"low": {"precision": 0.15899544614699054, "recall": 0.19220466409135553, "f1-measure": 0.16967834863363948}, "mid": {"precision": 0.16283582478137854, "recall": 0.1985919757995425, "f1-measure": 0.1716619160295745}, "high": {"precision": 0.16702702795579585, "recall": 0.20485747560071557, "f1-measure": 0.17375663407671801}}, "rougeLsum": {"low": {"precision": 0.22025258198720768, "recall": 0.24312404883733307, "f1-measure": 0.22316999474210647}, "mid": {"precision": 0.22828443468887602, "recall": 0.24925727692628286, "f1-measure": 0.2274407022471951}, "high": {"precision": 0.23766524075206777, "recall": 0.2555861952361804, "f1-measure": 0.23188530486295036}}}