{"rouge1": {"low": {"precision": 0.40233018170173335, "recall": 0.38838832812423146, "f1-measure": 0.38335759438407047}, "mid": {"precision": 0.41236378499090626, "recall": 0.40071309713521275, "f1-measure": 0.39024927292746114}, "high": {"precision": 0.4230565125377162, "recall": 0.41273209735354793, "f1-measure": 0.397169371314842}}, "rouge2": {"low": {"precision": 0.0915633487875559, "recall": 0.09186463972276528, "f1-measure": 0.08718062338117955}, "mid": {"precision": 0.09613578054035989, "recall": 0.0971182896507189, "f1-measure": 0.09105137467879103}, "high": {"precision": 0.10107573878725747, "recall": 0.10212493018573417, "f1-measure": 0.09487503508300106}}, "rougeL": {"low": {"precision": 0.19862776974977775, "recall": 0.2093365018143851, "f1-measure": 0.19639925523345014}, "mid": {"precision": 0.20457513644816477, "recall": 0.2164769167525485, "f1-measure": 0.2001193484109718}, "high": {"precision": 0.21036037388918655, "recall": 0.22395465426249953, "f1-measure": 0.20363128560345958}}, "rougeLsum": {"low": {"precision": 0.26592355928491473, "recall": 0.2509295103586395, "f1-measure": 0.24750478906712947}, "mid": {"precision": 0.2764946997868958, "recall": 0.25986606705452897, "f1-measure": 0.25264489403791457}, "high": {"precision": 0.2863817077556805, "recall": 0.26860826729655685, "f1-measure": 0.2581700717629684}}}