{"rouge1": {"low": {"precision": 0.33710639839964657, "recall": 0.3786195988176157, "f1-measure": 0.34458080076904274}, "mid": {"precision": 0.34780640768162685, "recall": 0.38972721213157985, "f1-measure": 0.35187851824141075}, "high": {"precision": 0.3587221257362769, "recall": 0.4008020477119034, "f1-measure": 0.3587778343104381}}, "rouge2": {"low": {"precision": 0.0661514961527731, "recall": 0.0832052731494941, "f1-measure": 0.06964032515305182}, "mid": {"precision": 0.07014859682054916, "recall": 0.08852183490440148, "f1-measure": 0.07364709001713526}, "high": {"precision": 0.07417709445810546, "recall": 0.0938033795555902, "f1-measure": 0.07739405290561462}}, "rougeL": {"low": {"precision": 0.1734450169311447, "recall": 0.20636894546866233, "f1-measure": 0.1815665022168804}, "mid": {"precision": 0.17965719774090155, "recall": 0.2130540088117835, "f1-measure": 0.1849571981614754}, "high": {"precision": 0.1853795568274852, "recall": 0.22088983534822787, "f1-measure": 0.1885623533570053}}, "rougeLsum": {"low": {"precision": 0.23543678239156843, "recall": 0.26277753861763115, "f1-measure": 0.23700149860909156}, "mid": {"precision": 0.24592861988539202, "recall": 0.271185524075951, "f1-measure": 0.24264452807631354}, "high": {"precision": 0.2569740619226071, "recall": 0.2793829422347197, "f1-measure": 0.24836528523264131}}}