{"rouge1": {"low": {"precision": 0.359052260521764, "recall": 0.36009045722421523, "f1-measure": 0.3468509815686165}, "mid": {"precision": 0.36848509173466804, "recall": 0.3708584069829626, "f1-measure": 0.35318086442438773}, "high": {"precision": 0.3783964148063194, "recall": 0.3819573358012881, "f1-measure": 0.3598075491412809}}, "rouge2": {"low": {"precision": 0.07321519741302301, "recall": 0.07858142734058744, "f1-measure": 0.07174231310932705}, "mid": {"precision": 0.07716637749253548, "recall": 0.08391735353204971, "f1-measure": 0.075010741779321}, "high": {"precision": 0.08112185043159156, "recall": 0.08901471623365245, "f1-measure": 0.0785189696509519}}, "rougeL": {"low": {"precision": 0.18218903991318633, "recall": 0.19570362720449955, "f1-measure": 0.18097866694073295}, "mid": {"precision": 0.18725684808118737, "recall": 0.202972831407093, "f1-measure": 0.1842754678825462}, "high": {"precision": 0.19251468317362996, "recall": 0.21022976378230718, "f1-measure": 0.18756731742282626}}, "rougeLsum": {"low": {"precision": 0.23775268961905593, "recall": 0.23776397137336103, "f1-measure": 0.22614616777419214}, "mid": {"precision": 0.24673568452498396, "recall": 0.24675517180924855, "f1-measure": 0.23127161766557902}, "high": {"precision": 0.2556296233139048, "recall": 0.2557567995071491, "f1-measure": 0.2364690924196637}}}