{"rouge1": {"low": {"precision": 0.38410031786146853, "recall": 0.3557526216470116, "f1-measure": 0.3613393041483942}, "mid": {"precision": 0.4019623455051266, "recall": 0.37067057627778766, "f1-measure": 0.3716216678916103}, "high": {"precision": 0.42017977964811204, "recall": 0.3846758566557281, "f1-measure": 0.38300926071938246}}, "rouge2": {"low": {"precision": 0.08119138736607091, "recall": 0.07373736084057118, "f1-measure": 0.07476843725455236}, "mid": {"precision": 0.09013488923168023, "recall": 0.08079968233700041, "f1-measure": 0.08188450175894998}, "high": {"precision": 0.09800059331570754, "recall": 0.08792497182035634, "f1-measure": 0.08852782895478464}}, "rougeL": {"low": {"precision": 0.19711727125441464, "recall": 0.18385984503595895, "f1-measure": 0.18604946750600715}, "mid": {"precision": 0.20654037777003365, "recall": 0.1915661555285071, "f1-measure": 0.1913246985542736}, "high": {"precision": 0.21649924591866493, "recall": 0.19979774135130984, "f1-measure": 0.19688205430577624}}, "rougeLsum": {"low": {"precision": 0.2250736736132607, "recall": 0.20991340842604614, "f1-measure": 0.21219530560187597}, "mid": {"precision": 0.2376959717164429, "recall": 0.21967779440641433, "f1-measure": 0.2196297136074261}, "high": {"precision": 0.2502247935981042, "recall": 0.22866634148265333, "f1-measure": 0.22738512684342368}}}