{"rouge1": {"low": {"precision": 0.2692180631711421, "recall": 0.5309458205782739, "f1-measure": 0.3463783292154327}, "mid": {"precision": 0.2847928368718644, "recall": 0.5438885987373019, "f1-measure": 0.3595148252518068}, "high": {"precision": 0.30225937334195224, "recall": 0.5565969462067156, "f1-measure": 0.37302565303837154}}, "rouge2": {"low": {"precision": 0.06422368052359727, "recall": 0.12641718936825475, "f1-measure": 0.08235236629055921}, "mid": {"precision": 0.06908386231360723, "recall": 0.13449284569327702, "f1-measure": 0.08746139557653779}, "high": {"precision": 0.07523376964258324, "recall": 0.14369437716462552, "f1-measure": 0.09387444529952171}}, "rougeL": {"low": {"precision": 0.13078781693153008, "recall": 0.26185783715192834, "f1-measure": 0.1697523157181477}, "mid": {"precision": 0.13716404153892817, "recall": 0.2718790390343909, "f1-measure": 0.1750876220676298}, "high": {"precision": 0.14447503312267743, "recall": 0.28279902568348453, "f1-measure": 0.18046045328569177}}, "rougeLsum": {"low": {"precision": 0.16461699329773863, "recall": 0.32853104619341256, "f1-measure": 0.21268096992591795}, "mid": {"precision": 0.17482688026029614, "recall": 0.33953835154142853, "f1-measure": 0.2216192138093645}, "high": {"precision": 0.18627478164186656, "recall": 0.35186908573743575, "f1-measure": 0.23148576386303754}}}