{"rouge1": {"low": {"precision": 0.28911890787258193, "recall": 0.45519275306611934, "f1-measure": 0.34065495258692263}, "mid": {"precision": 0.30657227443844703, "recall": 0.4700250834907026, "f1-measure": 0.3542066100107083}, "high": {"precision": 0.3238652254677144, "recall": 0.48556652911078707, "f1-measure": 0.3668983829752155}}, "rouge2": {"low": {"precision": 0.05927762550684582, "recall": 0.0923610301302112, "f1-measure": 0.0692826652551595}, "mid": {"precision": 0.06518547847171843, "recall": 0.09962723040780963, "f1-measure": 0.07514167954230913}, "high": {"precision": 0.07179551838543727, "recall": 0.10752933700240216, "f1-measure": 0.08121503886818986}}, "rougeL": {"low": {"precision": 0.13822892791256955, "recall": 0.21983250277488003, "f1-measure": 0.16446985141971304}, "mid": {"precision": 0.14598282031263776, "recall": 0.22883365887165735, "f1-measure": 0.169677537014444}, "high": {"precision": 0.15347397681620364, "recall": 0.23847181280432278, "f1-measure": 0.1753130790188963}}, "rougeLsum": {"low": {"precision": 0.16919522840038315, "recall": 0.2706359261404976, "f1-measure": 0.20127752519854705}, "mid": {"precision": 0.18071602753060925, "recall": 0.2831256304594326, "f1-measure": 0.20991524871497838}, "high": {"precision": 0.19299557224684832, "recall": 0.29584796536905644, "f1-measure": 0.21933480224358212}}}