{"rouge1": {"low": {"precision": 0.2842907202848567, "recall": 0.46631615073724286, "f1-measure": 0.3397393248224941}, "mid": {"precision": 0.30119158379749705, "recall": 0.48114836064844635, "f1-measure": 0.35188207231039914}, "high": {"precision": 0.31835068973431985, "recall": 0.49770543282422475, "f1-measure": 0.36433166601479994}}, "rouge2": {"low": {"precision": 0.060196040855857315, "recall": 0.09995463133692348, "f1-measure": 0.07185616169261534}, "mid": {"precision": 0.06561205715869084, "recall": 0.10734963464041887, "f1-measure": 0.07697858098071392}, "high": {"precision": 0.07231221951357293, "recall": 0.11520824236272126, "f1-measure": 0.08264559611971267}}, "rougeL": {"low": {"precision": 0.13753752406913053, "recall": 0.22826644425515238, "f1-measure": 0.16552833244132883}, "mid": {"precision": 0.14452219455423554, "recall": 0.2385045694038047, "f1-measure": 0.1705125008222257}, "high": {"precision": 0.1520283460556601, "recall": 0.24932625318112814, "f1-measure": 0.17551458549570909}}, "rougeLsum": {"low": {"precision": 0.1676902660869354, "recall": 0.2790501672135369, "f1-measure": 0.20151688478185747}, "mid": {"precision": 0.17929725240053412, "recall": 0.2915610017387631, "f1-measure": 0.2101603102053191}, "high": {"precision": 0.19261271677621253, "recall": 0.3053646771301563, "f1-measure": 0.21928239803438837}}}