{"rouge1": {"low": {"precision": 0.32579214119125244, "recall": 0.4812546120485076, "f1-measure": 0.37810834531992055}, "mid": {"precision": 0.3445692116528095, "recall": 0.49412001831533214, "f1-measure": 0.39082538520192556}, "high": {"precision": 0.36291627960503453, "recall": 0.5084713567800748, "f1-measure": 0.40307307819969457}}, "rouge2": {"low": {"precision": 0.07331287976124591, "recall": 0.10764692514597883, "f1-measure": 0.08476008441525652}, "mid": {"precision": 0.07920160014221991, "recall": 0.11453703762237627, "f1-measure": 0.09009850229276528}, "high": {"precision": 0.08536351204340496, "recall": 0.12304093192006772, "f1-measure": 0.09575173944655622}}, "rougeL": {"low": {"precision": 0.15402745150478026, "recall": 0.22875822943806692, "f1-measure": 0.17951577605568073}, "mid": {"precision": 0.16094242248045276, "recall": 0.2378535961066901, "f1-measure": 0.18432002697326066}, "high": {"precision": 0.16804884280547486, "recall": 0.24778571089612708, "f1-measure": 0.18862201462818518}}, "rougeLsum": {"low": {"precision": 0.1883108404421568, "recall": 0.2784016404717073, "f1-measure": 0.2185149578350671}, "mid": {"precision": 0.19911103958568632, "recall": 0.289334366335692, "f1-measure": 0.2261449054400769}, "high": {"precision": 0.21197336082065002, "recall": 0.3007123154356657, "f1-measure": 0.23435425287488468}}}