{"rouge1": {"low": {"precision": 0.38831938130357446, "recall": 0.3611573320815911, "f1-measure": 0.36517639974758864}, "mid": {"precision": 0.4090002241216928, "recall": 0.3739371092323104, "f1-measure": 0.37649607718426026}, "high": {"precision": 0.42786971531967005, "recall": 0.38908590771936274, "f1-measure": 0.3870465584303929}}, "rouge2": {"low": {"precision": 0.08151564657321057, "recall": 0.07348984933740159, "f1-measure": 0.0746375207263571}, "mid": {"precision": 0.09010808494885729, "recall": 0.07907607927221572, "f1-measure": 0.0809677937920968}, "high": {"precision": 0.09960357830335188, "recall": 0.0854100981320443, "f1-measure": 0.08765444658566945}}, "rougeL": {"low": {"precision": 0.1951946301894674, "recall": 0.18116061067931843, "f1-measure": 0.18346359242614163}, "mid": {"precision": 0.20583499232009866, "recall": 0.18912795184481176, "f1-measure": 0.1895995271099648}, "high": {"precision": 0.21625236463900194, "recall": 0.1978606788715348, "f1-measure": 0.19621199641594939}}, "rougeLsum": {"low": {"precision": 0.22704540839721596, "recall": 0.20980528548607089, "f1-measure": 0.21250961255718218}, "mid": {"precision": 0.23883436699685984, "recall": 0.21919891724899832, "f1-measure": 0.21985295550604692}, "high": {"precision": 0.25095936450483924, "recall": 0.22890003764131733, "f1-measure": 0.22759406217550104}}}