{"rouge1": {"low": {"precision": 0.33272595852060916, "recall": 0.40064417985015466, "f1-measure": 0.34720997334732434}, "mid": {"precision": 0.34498837093870627, "recall": 0.4100679502299066, "f1-measure": 0.3545246320575159}, "high": {"precision": 0.35724245011937766, "recall": 0.4205203143235244, "f1-measure": 0.36230024101261654}}, "rouge2": {"low": {"precision": 0.07067580624943633, "recall": 0.09263186855416587, "f1-measure": 0.07460012121282204}, "mid": {"precision": 0.07488038525365935, "recall": 0.09809389962416318, "f1-measure": 0.07830104868922694}, "high": {"precision": 0.07927689016851769, "recall": 0.10390501649976207, "f1-measure": 0.08202062845088175}}, "rougeL": {"low": {"precision": 0.17169626837949767, "recall": 0.2195614674953692, "f1-measure": 0.18387201051157218}, "mid": {"precision": 0.17781688550098243, "recall": 0.2267878360253345, "f1-measure": 0.1871052673051849}, "high": {"precision": 0.18423347412663532, "recall": 0.23416717057035744, "f1-measure": 0.19023183824380374}}, "rougeLsum": {"low": {"precision": 0.22154157397435906, "recall": 0.2669986684102633, "f1-measure": 0.22841093553257838}, "mid": {"precision": 0.2322065979482757, "recall": 0.2745469194658975, "f1-measure": 0.23395156019696767}, "high": {"precision": 0.24298688836430968, "recall": 0.28285560375260316, "f1-measure": 0.23946120989879652}}}