{"rouge1": {"low": {"precision": 0.389499033647133, "recall": 0.3315332953829028, "f1-measure": 0.34424928513346775}, "mid": {"precision": 0.3999223312311235, "recall": 0.34677718303808164, "f1-measure": 0.3539085186209948}, "high": {"precision": 0.41046915856566074, "recall": 0.3608494425964082, "f1-measure": 0.3638511533063389}}, "rouge2": {"low": {"precision": 0.08021738406233092, "recall": 0.07154970703066968, "f1-measure": 0.07096847558100211}, "mid": {"precision": 0.08546867315607944, "recall": 0.07751050853957814, "f1-measure": 0.07580100531404088}, "high": {"precision": 0.09076036203356193, "recall": 0.08363813961470534, "f1-measure": 0.08065536474589012}}, "rougeL": {"low": {"precision": 0.20101974112948498, "recall": 0.18178798421871106, "f1-measure": 0.18063435650137985}, "mid": {"precision": 0.20727150268702152, "recall": 0.19053373424161435, "f1-measure": 0.18606355578828254}, "high": {"precision": 0.21350862889874503, "recall": 0.19931438917127337, "f1-measure": 0.19118803416706495}}, "rougeLsum": {"low": {"precision": 0.2662783310996282, "recall": 0.22405214587022293, "f1-measure": 0.22895844122671044}, "mid": {"precision": 0.27556244071083136, "recall": 0.2341923087622722, "f1-measure": 0.2358943204454646}, "high": {"precision": 0.28498415694458523, "recall": 0.24519429279037705, "f1-measure": 0.2425567596049741}}}