{"rouge1": {"low": {"precision": 0.3349092043834412, "recall": 0.37995926708362465, "f1-measure": 0.330262071184303}, "mid": {"precision": 0.35865299675173, "recall": 0.39869150586306756, "f1-measure": 0.3438753464196387}, "high": {"precision": 0.3809544003334582, "recall": 0.416017923266477, "f1-measure": 0.35773574661700747}}, "rouge2": {"low": {"precision": 0.07713631430272883, "recall": 0.08747250268984606, "f1-measure": 0.07593464165092734}, "mid": {"precision": 0.08459227397242021, "recall": 0.09470580916153921, "f1-measure": 0.08140885594350675}, "high": {"precision": 0.09241721048815514, "recall": 0.10184344515522659, "f1-measure": 0.08744056763853657}}, "rougeL": {"low": {"precision": 0.176961371027114, "recall": 0.20257056228484469, "f1-measure": 0.17463949372762275}, "mid": {"precision": 0.18957874303862587, "recall": 0.21205505155562632, "f1-measure": 0.18168521889896566}, "high": {"precision": 0.2022143576676272, "recall": 0.2227963081991025, "f1-measure": 0.18906062018748915}}, "rougeLsum": {"low": {"precision": 0.20168660323281243, "recall": 0.23244542716744784, "f1-measure": 0.1999341929057344}, "mid": {"precision": 0.2164812184692264, "recall": 0.24691236596305796, "f1-measure": 0.2100096980420607}, "high": {"precision": 0.23084351655382804, "recall": 0.2623124602877321, "f1-measure": 0.21936210205925533}}}