{"rouge1": {"low": {"precision": 0.40783170027444804, "recall": 0.38637717014657985, "f1-measure": 0.38619925402417143}, "mid": {"precision": 0.41830233998062033, "recall": 0.39766364992410236, "f1-measure": 0.3920263166510747}, "high": {"precision": 0.4288366896220215, "recall": 0.40909361108636016, "f1-measure": 0.39812842038939894}}, "rouge2": {"low": {"precision": 0.09286854301255812, "recall": 0.08924976906767437, "f1-measure": 0.08592224186682347}, "mid": {"precision": 0.09746443476826837, "recall": 0.09428891399808058, "f1-measure": 0.0896002914600108}, "high": {"precision": 0.10243743070985432, "recall": 0.09921350012673431, "f1-measure": 0.09371465709798688}}, "rougeL": {"low": {"precision": 0.19928673258807045, "recall": 0.20556024492673802, "f1-measure": 0.19501892588272413}, "mid": {"precision": 0.20547662606185896, "recall": 0.21342315009754542, "f1-measure": 0.19897902665618927}, "high": {"precision": 0.21162196088362492, "recall": 0.221041714577639, "f1-measure": 0.20294960550798286}}, "rougeLsum": {"low": {"precision": 0.2744614043979518, "recall": 0.2579187613343686, "f1-measure": 0.25410944579903827}, "mid": {"precision": 0.2853692152263281, "recall": 0.2666541614674298, "f1-measure": 0.25948791078234623}, "high": {"precision": 0.2959530268752338, "recall": 0.27405963883777434, "f1-measure": 0.2644188669468324}}}