{"rouge1": {"low": {"precision": 0.4064051304402575, "recall": 0.29485365149441223, "f1-measure": 0.3243667681752141}, "mid": {"precision": 0.4177547250752962, "recall": 0.3085379545373035, "f1-measure": 0.33379792819368037}, "high": {"precision": 0.42919799351923626, "recall": 0.3211500850464186, "f1-measure": 0.34263896410696454}}, "rouge2": {"low": {"precision": 0.08819817409969963, "recall": 0.06279421448406812, "f1-measure": 0.0678123137734894}, "mid": {"precision": 0.09300666952486175, "recall": 0.06719867824095459, "f1-measure": 0.07150710756275802}, "high": {"precision": 0.09828375917038783, "recall": 0.07146461738545833, "f1-measure": 0.0752822099841508}}, "rougeL": {"low": {"precision": 0.22747025576861352, "recall": 0.16923701936621624, "f1-measure": 0.18099099064659166}, "mid": {"precision": 0.2354003423149436, "recall": 0.17652392128601752, "f1-measure": 0.18632473340264988}, "high": {"precision": 0.24325538632321508, "recall": 0.18424677575135984, "f1-measure": 0.19097901106713847}}, "rougeLsum": {"low": {"precision": 0.27913425007103515, "recall": 0.19558639754932955, "f1-measure": 0.2149811757231734}, "mid": {"precision": 0.2893032488029035, "recall": 0.2042403615962285, "f1-measure": 0.2215472663382538}, "high": {"precision": 0.3002279498461544, "recall": 0.21259390656578314, "f1-measure": 0.22708720561015475}}}