{"rouge1": {"low": {"precision": 0.37201073582023364, "recall": 0.43429895778119565, "f1-measure": 0.39259895176954424}, "mid": {"precision": 0.3822050244205218, "recall": 0.44379381278588564, "f1-measure": 0.39708006452657274}, "high": {"precision": 0.39300245704450354, "recall": 0.4540254019480425, "f1-measure": 0.4018357273669604}}, "rouge2": {"low": {"precision": 0.07137595598603005, "recall": 0.08643668746544901, "f1-measure": 0.07488077586744463}, "mid": {"precision": 0.07513213822878567, "recall": 0.09003146699872361, "f1-measure": 0.07759885051422014}, "high": {"precision": 0.07883585504174233, "recall": 0.09401370710870639, "f1-measure": 0.08026505626604621}}, "rougeL": {"low": {"precision": 0.16805418058170785, "recall": 0.21083691646035052, "f1-measure": 0.1816564030190779}, "mid": {"precision": 0.1730503901348344, "recall": 0.21702505159188729, "f1-measure": 0.18438658814197495}, "high": {"precision": 0.17846560040740636, "recall": 0.22336344383261822, "f1-measure": 0.18703828457697275}}, "rougeLsum": {"low": {"precision": 0.24071235619797884, "recall": 0.2782893825362678, "f1-measure": 0.24972508602200671}, "mid": {"precision": 0.2507463869826264, "recall": 0.2851397944882447, "f1-measure": 0.25454003572278616}, "high": {"precision": 0.26039387244968226, "recall": 0.29269917534670253, "f1-measure": 0.25942633859332087}}}