{"rouge1": {"low": {"precision": 0.3737791063954804, "recall": 0.43743569939109894, "f1-measure": 0.39515908040926495}, "mid": {"precision": 0.3846876133132402, "recall": 0.4463915649220658, "f1-measure": 0.40013498061162817}, "high": {"precision": 0.3961859348339067, "recall": 0.4554533146815231, "f1-measure": 0.4054658541229095}}, "rouge2": {"low": {"precision": 0.08003416175229121, "recall": 0.1020283777594624, "f1-measure": 0.08588317870341218}, "mid": {"precision": 0.0836264628382517, "recall": 0.10673454591689581, "f1-measure": 0.08867405414888441}, "high": {"precision": 0.08759236114723132, "recall": 0.1115089911352611, "f1-measure": 0.09168555813303039}}, "rougeL": {"low": {"precision": 0.17470405734944697, "recall": 0.22085811313850012, "f1-measure": 0.1904001285486086}, "mid": {"precision": 0.17990628156504188, "recall": 0.22763036329683495, "f1-measure": 0.19280527882470044}, "high": {"precision": 0.18469967478757074, "recall": 0.23482657186128117, "f1-measure": 0.19550992252649219}}, "rougeLsum": {"low": {"precision": 0.2518220246433316, "recall": 0.2949202676644739, "f1-measure": 0.2624832375511356}, "mid": {"precision": 0.2624502453977763, "recall": 0.3026717702739383, "f1-measure": 0.26753303291899555}, "high": {"precision": 0.27266584321958787, "recall": 0.31074329646180854, "f1-measure": 0.27250759805853103}}}