{"rouge1": {"low": {"precision": 0.28194774828098007, "recall": 0.44937207593106976, "f1-measure": 0.3365918212812213}, "mid": {"precision": 0.298145148491866, "recall": 0.46247166910476456, "f1-measure": 0.3496611215764103}, "high": {"precision": 0.3150712837327595, "recall": 0.47591040910681026, "f1-measure": 0.36258647934992794}}, "rouge2": {"low": {"precision": 0.05580015187546541, "recall": 0.08741830430692087, "f1-measure": 0.06592325403548095}, "mid": {"precision": 0.06090291411377327, "recall": 0.09445040922405079, "f1-measure": 0.07115499256689292}, "high": {"precision": 0.06641890839833008, "recall": 0.10148493383366572, "f1-measure": 0.07658877525835026}}, "rougeL": {"low": {"precision": 0.14129718190404222, "recall": 0.22780310956679192, "f1-measure": 0.17076635633809145}, "mid": {"precision": 0.14811169780640362, "recall": 0.23809896202045006, "f1-measure": 0.17533322587205735}, "high": {"precision": 0.15457817684660125, "recall": 0.2489624082294261, "f1-measure": 0.18021152278946734}}, "rougeLsum": {"low": {"precision": 0.16928134392451433, "recall": 0.2732286983626708, "f1-measure": 0.20367189371862066}, "mid": {"precision": 0.1797368446295179, "recall": 0.28404394985456227, "f1-measure": 0.21149060527942876}, "high": {"precision": 0.1902095452244785, "recall": 0.2965289798823884, "f1-measure": 0.21910809974524595}}}