{"rouge1": {"low": {"precision": 0.30585336442923267, "recall": 0.48558444667700773, "f1-measure": 0.3653955554120158}, "mid": {"precision": 0.32405713198429775, "recall": 0.49689665128223803, "f1-measure": 0.37949155630172604}, "high": {"precision": 0.3423822477025409, "recall": 0.5084940624754023, "f1-measure": 0.3923043931956431}}, "rouge2": {"low": {"precision": 0.06738704998156402, "recall": 0.10491687086093053, "f1-measure": 0.07957827340193392}, "mid": {"precision": 0.07349138509156164, "recall": 0.11203790990060021, "f1-measure": 0.08581054272350958}, "high": {"precision": 0.07995524836370956, "recall": 0.11945783109773472, "f1-measure": 0.09191875400315672}}, "rougeL": {"low": {"precision": 0.1481710162071698, "recall": 0.23638805186641265, "f1-measure": 0.1783275539718391}, "mid": {"precision": 0.15501178771651414, "recall": 0.24565047054943898, "f1-measure": 0.1831373877062128}, "high": {"precision": 0.16195913464532335, "recall": 0.2547302771196142, "f1-measure": 0.18803478603963636}}, "rougeLsum": {"low": {"precision": 0.17885590589063066, "recall": 0.2853140054865322, "f1-measure": 0.21471993529351227}, "mid": {"precision": 0.18942418323516663, "recall": 0.29456289945364345, "f1-measure": 0.22261861084217677}, "high": {"precision": 0.2008380924911274, "recall": 0.30464746638234036, "f1-measure": 0.23038266772011348}}}