{"rouge1": {"low": {"precision": 0.305062979088028, "recall": 0.4226206978604915, "f1-measure": 0.3395755880611356}, "mid": {"precision": 0.3270066876083425, "recall": 0.4390898258068616, "f1-measure": 0.35287121436885505}, "high": {"precision": 0.3492424149544378, "recall": 0.4545259206673768, "f1-measure": 0.36726482123533266}}, "rouge2": {"low": {"precision": 0.06497858191005972, "recall": 0.08790836723268682, "f1-measure": 0.0708600949491297}, "mid": {"precision": 0.07169336419482894, "recall": 0.0945476502118834, "f1-measure": 0.07625724284543903}, "high": {"precision": 0.07935836452708558, "recall": 0.10169590234414007, "f1-measure": 0.08190187370253425}}, "rougeL": {"low": {"precision": 0.1467046776222872, "recall": 0.20524798579747736, "f1-measure": 0.16381572488485732}, "mid": {"precision": 0.1562898095649281, "recall": 0.21411700875155013, "f1-measure": 0.16908724623131277}, "high": {"precision": 0.1667242361978959, "recall": 0.2236441848394257, "f1-measure": 0.17485137129479092}}, "rougeLsum": {"low": {"precision": 0.18148663753014177, "recall": 0.25361142508307083, "f1-measure": 0.2014143856041587}, "mid": {"precision": 0.19408129655943634, "recall": 0.2658260475355548, "f1-measure": 0.21092988680170494}, "high": {"precision": 0.20813925629340133, "recall": 0.27898035772522584, "f1-measure": 0.22074778090094999}}}