{"rouge1": {"low": {"precision": 0.3181972569530037, "recall": 0.477418833862748, "f1-measure": 0.3720622732079506}, "mid": {"precision": 0.3373882142102586, "recall": 0.4901612576163329, "f1-measure": 0.38566637333695375}, "high": {"precision": 0.35687533340011285, "recall": 0.50390768778917, "f1-measure": 0.3987508404573506}}, "rouge2": {"low": {"precision": 0.06845724891934471, "recall": 0.10094164241947416, "f1-measure": 0.07930980573976291}, "mid": {"precision": 0.0745084352876223, "recall": 0.10842767865087877, "f1-measure": 0.08499550960185762}, "high": {"precision": 0.0805976077697223, "recall": 0.11578272120526087, "f1-measure": 0.09062847170686202}}, "rougeL": {"low": {"precision": 0.1494361662953804, "recall": 0.2246688283948571, "f1-measure": 0.17540283624036168}, "mid": {"precision": 0.1563928915763672, "recall": 0.23322731975001293, "f1-measure": 0.17981292319709713}, "high": {"precision": 0.16377083318117824, "recall": 0.24313356026249217, "f1-measure": 0.18516948771637903}}, "rougeLsum": {"low": {"precision": 0.18430246345868465, "recall": 0.2761155193097042, "f1-measure": 0.21508116596073576}, "mid": {"precision": 0.19600569026257586, "recall": 0.28526601634059345, "f1-measure": 0.22343533674886676}, "high": {"precision": 0.20896000518732807, "recall": 0.294393795221474, "f1-measure": 0.23203839887872488}}}