{"rouge1": {"low": {"precision": 0.3947244599429907, "recall": 0.432647756218675, "f1-measure": 0.4034143452024684}, "mid": {"precision": 0.40525386616985976, "recall": 0.4431612062054869, "f1-measure": 0.408667722790803}, "high": {"precision": 0.41589300038229526, "recall": 0.4543429573056955, "f1-measure": 0.41396559203092437}}, "rouge2": {"low": {"precision": 0.09323433357401666, "recall": 0.10381245854028595, "f1-measure": 0.09361347869427435}, "mid": {"precision": 0.09770185223833444, "recall": 0.10924368818620879, "f1-measure": 0.09716274170789953}, "high": {"precision": 0.10222831295165359, "recall": 0.11473781528649422, "f1-measure": 0.10073034490434207}}, "rougeL": {"low": {"precision": 0.19315632757799284, "recall": 0.22514370183604002, "f1-measure": 0.20138458278352148}, "mid": {"precision": 0.19924811142051785, "recall": 0.23321954176774812, "f1-measure": 0.20489363805969568}, "high": {"precision": 0.20533996112010167, "recall": 0.24069580788546519, "f1-measure": 0.2086948584866479}}, "rougeLsum": {"low": {"precision": 0.2709702519493341, "recall": 0.28622812498016537, "f1-measure": 0.26748643896975355}, "mid": {"precision": 0.28137851009452336, "recall": 0.2944282404917876, "f1-measure": 0.2726590072653546}, "high": {"precision": 0.2923179151364539, "recall": 0.30355815749069814, "f1-measure": 0.27755684764353483}}}