{"rouge1": {"low": {"precision": 0.30648034337205204, "recall": 0.4248785070715735, "f1-measure": 0.3383028006283515}, "mid": {"precision": 0.3262005384306607, "recall": 0.4428030611432854, "f1-measure": 0.35203841366265376}, "high": {"precision": 0.3455739114136373, "recall": 0.4602999662915157, "f1-measure": 0.3655956703320208}}, "rouge2": {"low": {"precision": 0.06276538214438834, "recall": 0.08719486961547947, "f1-measure": 0.06892168605087733}, "mid": {"precision": 0.06902960139088307, "recall": 0.09332291219524405, "f1-measure": 0.07401276113570993}, "high": {"precision": 0.07566787628762439, "recall": 0.1004787380609119, "f1-measure": 0.0792976194440782}}, "rougeL": {"low": {"precision": 0.14783019468928968, "recall": 0.20707906702030537, "f1-measure": 0.16447147594366238}, "mid": {"precision": 0.15757880362276677, "recall": 0.21784050197155577, "f1-measure": 0.16997263844642985}, "high": {"precision": 0.1686077693719784, "recall": 0.2280088461797608, "f1-measure": 0.17594594830426086}}, "rougeLsum": {"low": {"precision": 0.18290017730110011, "recall": 0.25745028557887834, "f1-measure": 0.2031721186163365}, "mid": {"precision": 0.19659866927599168, "recall": 0.2699588306002581, "f1-measure": 0.2125144801091259}, "high": {"precision": 0.21041188423061408, "recall": 0.28262506907204876, "f1-measure": 0.22144750308792685}}}