{"rouge1": {"low": {"precision": 0.3638373583072569, "recall": 0.36041182270227007, "f1-measure": 0.3522512218974023}, "mid": {"precision": 0.37386123653640824, "recall": 0.3711953109479229, "f1-measure": 0.35847730204609096}, "high": {"precision": 0.3835146667562268, "recall": 0.3831621670799721, "f1-measure": 0.36461222587861}}, "rouge2": {"low": {"precision": 0.07526109762458202, "recall": 0.08037282859621703, "f1-measure": 0.07377526561596029}, "mid": {"precision": 0.078599912410519, "recall": 0.08538360085152494, "f1-measure": 0.07694688273558667}, "high": {"precision": 0.08231946989204128, "recall": 0.09036889862392514, "f1-measure": 0.08021905014222967}}, "rougeL": {"low": {"precision": 0.18491273940994107, "recall": 0.19393893516627136, "f1-measure": 0.18291373546797743}, "mid": {"precision": 0.19030067208742688, "recall": 0.20090993827915515, "f1-measure": 0.18605796279143005}, "high": {"precision": 0.19576967361597025, "recall": 0.20737038992947776, "f1-measure": 0.18918097604390938}}, "rougeLsum": {"low": {"precision": 0.24579061962404927, "recall": 0.2397149213102462, "f1-measure": 0.23214740385089783}, "mid": {"precision": 0.25413008000642867, "recall": 0.2475532488849056, "f1-measure": 0.23718822190108257}, "high": {"precision": 0.2633717040894281, "recall": 0.25553503954602774, "f1-measure": 0.24259146279572666}}}