{"rouge1": {"low": {"precision": 0.37942936557331247, "recall": 0.35953944395095927, "f1-measure": 0.35834758109407633}, "mid": {"precision": 0.39004343413991516, "recall": 0.36965231546458543, "f1-measure": 0.3649984506622469}, "high": {"precision": 0.40155030789067736, "recall": 0.3810970995848426, "f1-measure": 0.3724434882735731}}, "rouge2": {"low": {"precision": 0.08481800181786889, "recall": 0.0824918817609684, "f1-measure": 0.07906924867940421}, "mid": {"precision": 0.08957145754236039, "recall": 0.08786476634244457, "f1-measure": 0.08311954615454961}, "high": {"precision": 0.09436471926395941, "recall": 0.09333470741953641, "f1-measure": 0.08715874421958518}}, "rougeL": {"low": {"precision": 0.2006106708938062, "recall": 0.20135475594103905, "f1-measure": 0.19369657596354217}, "mid": {"precision": 0.20693251312151237, "recall": 0.20833080086540678, "f1-measure": 0.1974812312187243}, "high": {"precision": 0.21301802497416236, "recall": 0.2158502489926666, "f1-measure": 0.20153701613195735}}, "rougeLsum": {"low": {"precision": 0.252708453822178, "recall": 0.2309398155832823, "f1-measure": 0.2308976658014658}, "mid": {"precision": 0.26244502984370804, "recall": 0.2387752276845574, "f1-measure": 0.23568587531506507}, "high": {"precision": 0.2726298425453226, "recall": 0.24700526182319626, "f1-measure": 0.24070690267025285}}}