{"rouge1": {"low": {"precision": 0.4340554332612979, "recall": 0.3204986009672438, "f1-measure": 0.35378509402709757}, "mid": {"precision": 0.445668300919857, "recall": 0.33294509903572866, "f1-measure": 0.36163680697752776}, "high": {"precision": 0.45742570864302373, "recall": 0.34460681181450226, "f1-measure": 0.36921963441181715}}, "rouge2": {"low": {"precision": 0.10954029997824109, "recall": 0.07491351807971994, "f1-measure": 0.08366086990814853}, "mid": {"precision": 0.11709440029276957, "recall": 0.07978224587790272, "f1-measure": 0.08777174885382846}, "high": {"precision": 0.1247374052016203, "recall": 0.08471335400684502, "f1-measure": 0.09221608561482689}}, "rougeL": {"low": {"precision": 0.24128102627093354, "recall": 0.1790124058490877, "f1-measure": 0.1957786131690807}, "mid": {"precision": 0.24986098063029458, "recall": 0.18642618139061032, "f1-measure": 0.20025538412008423}, "high": {"precision": 0.2590931852732641, "recall": 0.19340280316375938, "f1-measure": 0.2049348766600966}}, "rougeLsum": {"low": {"precision": 0.2982034649648289, "recall": 0.20817944842308447, "f1-measure": 0.23323628599060445}, "mid": {"precision": 0.3084000460843046, "recall": 0.2178501942481451, "f1-measure": 0.23914492924915495}, "high": {"precision": 0.31959961925245467, "recall": 0.22632202157107875, "f1-measure": 0.24520536257869577}}}