{"rouge1": {"low": {"precision": 0.2891401701182429, "recall": 0.4248663327749869, "f1-measure": 0.33257459987218596}, "mid": {"precision": 0.30397826594496546, "recall": 0.4436574593790069, "f1-measure": 0.34390182482539194}, "high": {"precision": 0.320019224080015, "recall": 0.46201417669980877, "f1-measure": 0.35487317106026994}}, "rouge2": {"low": {"precision": 0.05396679186015206, "recall": 0.07908586795138345, "f1-measure": 0.06189288825831653}, "mid": {"precision": 0.05903694844731609, "recall": 0.08770591363645211, "f1-measure": 0.06694461815507494}, "high": {"precision": 0.06464042108993696, "recall": 0.09677077508280865, "f1-measure": 0.0725999338323146}}, "rougeL": {"low": {"precision": 0.13552173750329125, "recall": 0.20056556598010075, "f1-measure": 0.15709814532979455}, "mid": {"precision": 0.14274706463388329, "recall": 0.21213462604532898, "f1-measure": 0.16203598227055355}, "high": {"precision": 0.14962526145869662, "recall": 0.2239305935627871, "f1-measure": 0.16707865817244402}}, "rougeLsum": {"low": {"precision": 0.17732455898463703, "recall": 0.2618481876933235, "f1-measure": 0.2043964382059353}, "mid": {"precision": 0.18673881301212547, "recall": 0.2772707104387744, "f1-measure": 0.2121496595551511}, "high": {"precision": 0.1971198755614554, "recall": 0.29164396817263266, "f1-measure": 0.2200175060062382}}}