{"rouge1": {"low": {"precision": 0.35573838395326335, "recall": 0.3630416475419239, "f1-measure": 0.3489092878444696}, "mid": {"precision": 0.36552396168197926, "recall": 0.3753839613497334, "f1-measure": 0.3551961829145341}, "high": {"precision": 0.3760571418014045, "recall": 0.3862648167991115, "f1-measure": 0.3614726638622305}}, "rouge2": {"low": {"precision": 0.07317225908837344, "recall": 0.07840011059897571, "f1-measure": 0.07174226407822078}, "mid": {"precision": 0.07738019893090928, "recall": 0.08294428036459256, "f1-measure": 0.07512317040212302}, "high": {"precision": 0.0819136831934757, "recall": 0.08763110410471912, "f1-measure": 0.07840850854110051}}, "rougeL": {"low": {"precision": 0.18268273956975478, "recall": 0.1949869249436246, "f1-measure": 0.18170068951112842}, "mid": {"precision": 0.187917056053519, "recall": 0.20151193439596946, "f1-measure": 0.1851933556533594}, "high": {"precision": 0.19378790059697906, "recall": 0.20839343716548886, "f1-measure": 0.1885278003153722}}, "rougeLsum": {"low": {"precision": 0.24078842514621646, "recall": 0.2403353124168867, "f1-measure": 0.2302508902794518}, "mid": {"precision": 0.2498391530201431, "recall": 0.24835620807957184, "f1-measure": 0.23490878388155817}, "high": {"precision": 0.25921187085360586, "recall": 0.2566379261089332, "f1-measure": 0.23941119128031801}}}