{"rouge1": {"low": {"precision": 0.3811948247409177, "recall": 0.43078075298784657, "f1-measure": 0.39603974355694577}, "mid": {"precision": 0.3924874132033136, "recall": 0.4414589712049596, "f1-measure": 0.4011229146023197}, "high": {"precision": 0.40360587665289693, "recall": 0.4518298131907569, "f1-measure": 0.40619030268589096}}, "rouge2": {"low": {"precision": 0.07824390032414376, "recall": 0.09184469818221845, "f1-measure": 0.08113848473247094}, "mid": {"precision": 0.08208706735257189, "recall": 0.09668455504394845, "f1-measure": 0.08411909174351516}, "high": {"precision": 0.08588425073241784, "recall": 0.10154445989909937, "f1-measure": 0.08711829527748509}}, "rougeL": {"low": {"precision": 0.17447509197818764, "recall": 0.21342157738081807, "f1-measure": 0.18686969727251643}, "mid": {"precision": 0.17944676279668428, "recall": 0.22067369711515908, "f1-measure": 0.18973457045578646}, "high": {"precision": 0.18477856186790245, "recall": 0.22769434909530575, "f1-measure": 0.19284187594710903}}, "rougeLsum": {"low": {"precision": 0.2447197778533794, "recall": 0.2792302897787464, "f1-measure": 0.25200417182401885}, "mid": {"precision": 0.2546886727186481, "recall": 0.2870147932029689, "f1-measure": 0.2569262202827124}, "high": {"precision": 0.2648039433790021, "recall": 0.29516682556195184, "f1-measure": 0.2613570564431567}}}