{"rouge1": {"low": {"precision": 0.39831791889308515, "recall": 0.3428272820086404, "f1-measure": 0.3592199638550934}, "mid": {"precision": 0.41750161471291813, "recall": 0.35602111754670185, "f1-measure": 0.3706326080429876}, "high": {"precision": 0.4363897815966418, "recall": 0.36770252175599377, "f1-measure": 0.3801140238647138}}, "rouge2": {"low": {"precision": 0.08728046705909402, "recall": 0.0729239754988889, "f1-measure": 0.07707341377299638}, "mid": {"precision": 0.0955169814231353, "recall": 0.07878759674879166, "f1-measure": 0.08343885984287687}, "high": {"precision": 0.10403244272291468, "recall": 0.08457933322344127, "f1-measure": 0.08961464344897824}}, "rougeL": {"low": {"precision": 0.19944354948835852, "recall": 0.1723278240625574, "f1-measure": 0.18040928245946933}, "mid": {"precision": 0.20933767787251484, "recall": 0.1793260151243872, "f1-measure": 0.18582121842756144}, "high": {"precision": 0.21924481563027137, "recall": 0.18643576394685052, "f1-measure": 0.19124764652819856}}, "rougeLsum": {"low": {"precision": 0.23146113413868333, "recall": 0.19881985424864726, "f1-measure": 0.20840914705781707}, "mid": {"precision": 0.24474892478160382, "recall": 0.2067162156487043, "f1-measure": 0.21567346265065057}, "high": {"precision": 0.2590200625392478, "recall": 0.21465491575592427, "f1-measure": 0.22346108862540176}}}