{"rouge1": {"low": {"precision": 0.4187439625161819, "recall": 0.39838853502589344, "f1-measure": 0.39737273487714037}, "mid": {"precision": 0.43015066154993337, "recall": 0.40940058316522315, "f1-measure": 0.4044742616565793}, "high": {"precision": 0.44087263836837515, "recall": 0.4219658347811583, "f1-measure": 0.4118401669038617}}, "rouge2": {"low": {"precision": 0.10265374750788984, "recall": 0.0980490099613411, "f1-measure": 0.09534745840709707}, "mid": {"precision": 0.10794222604403274, "recall": 0.10414613439707635, "f1-measure": 0.09995095908383625}, "high": {"precision": 0.11345620251203598, "recall": 0.11059261492060334, "f1-measure": 0.10496880389303449}}, "rougeL": {"low": {"precision": 0.21086804701874728, "recall": 0.20995180547572584, "f1-measure": 0.20297313414261606}, "mid": {"precision": 0.2171464296912821, "recall": 0.21870263467430898, "f1-measure": 0.20744037926027975}, "high": {"precision": 0.22365895298995905, "recall": 0.22711955572419917, "f1-measure": 0.21212666137035477}}, "rougeLsum": {"low": {"precision": 0.2880447575567901, "recall": 0.2645478964264328, "f1-measure": 0.26431981770410323}, "mid": {"precision": 0.298043162220118, "recall": 0.2738939109427537, "f1-measure": 0.26960842706803356}, "high": {"precision": 0.308750035099908, "recall": 0.2835767378632177, "f1-measure": 0.2755565730881334}}}