{"rouge1": {"low": {"precision": 0.3548530221204684, "recall": 0.36760122808113943, "f1-measure": 0.34849442316772183}, "mid": {"precision": 0.36649107603895736, "recall": 0.37862401546087815, "f1-measure": 0.35495630211066487}, "high": {"precision": 0.37748813001190284, "recall": 0.389437077466465, "f1-measure": 0.3606977940583588}}, "rouge2": {"low": {"precision": 0.07566933425520432, "recall": 0.08271029445691694, "f1-measure": 0.07446204995697103}, "mid": {"precision": 0.07975131784610842, "recall": 0.08776606875059467, "f1-measure": 0.0779708530001893}, "high": {"precision": 0.08386695624695731, "recall": 0.09286284202974882, "f1-measure": 0.08141396781331207}}, "rougeL": {"low": {"precision": 0.18134239682490644, "recall": 0.20118959919219148, "f1-measure": 0.1823668211840429}, "mid": {"precision": 0.1880239457288471, "recall": 0.20814759055543924, "f1-measure": 0.18619322307243036}, "high": {"precision": 0.1943581974793117, "recall": 0.21614293194490838, "f1-measure": 0.18981087167879587}}, "rougeLsum": {"low": {"precision": 0.23458453330131165, "recall": 0.24421594036227307, "f1-measure": 0.22794751671141092}, "mid": {"precision": 0.24401817310357177, "recall": 0.25326727662828635, "f1-measure": 0.23340177328029094}, "high": {"precision": 0.25299505170544173, "recall": 0.2624116231257841, "f1-measure": 0.23859831165377782}}}