{"rouge1": {"low": {"precision": 0.41664075529630823, "recall": 0.38595998748748916, "f1-measure": 0.3898337751353956}, "mid": {"precision": 0.42731108314893734, "recall": 0.3976790225860356, "f1-measure": 0.39710616080883776}, "high": {"precision": 0.43942387985920217, "recall": 0.4089838113273115, "f1-measure": 0.4045948004094297}}, "rouge2": {"low": {"precision": 0.09580919437948088, "recall": 0.09144787865988141, "f1-measure": 0.08927518852840928}, "mid": {"precision": 0.10116079097347472, "recall": 0.09652237061934298, "f1-measure": 0.0935275454921043}, "high": {"precision": 0.10681406468969787, "recall": 0.10205999159447385, "f1-measure": 0.0980832147931702}}, "rougeL": {"low": {"precision": 0.20990890063142117, "recall": 0.20276767331273376, "f1-measure": 0.19926290324969734}, "mid": {"precision": 0.21654631669453883, "recall": 0.21086959032634894, "f1-measure": 0.2041258346418588}, "high": {"precision": 0.22340578633618946, "recall": 0.21893216831332576, "f1-measure": 0.208654622667661}}, "rougeLsum": {"low": {"precision": 0.2830424043147779, "recall": 0.25515432552374967, "f1-measure": 0.25765626070636627}, "mid": {"precision": 0.29322401552206, "recall": 0.264130179715966, "f1-measure": 0.26344156861946266}, "high": {"precision": 0.30346090269667564, "recall": 0.27287261964693743, "f1-measure": 0.26880171652218615}}}