{"rouge1": {"low": {"precision": 0.3090850909071125, "recall": 0.38935395238612786, "f1-measure": 0.3190486459454508}, "mid": {"precision": 0.3312627497114171, "recall": 0.4069943164431187, "f1-measure": 0.33414588848012294}, "high": {"precision": 0.3559019512765365, "recall": 0.42538211248112856, "f1-measure": 0.3467268247766396}}, "rouge2": {"low": {"precision": 0.06732889435457905, "recall": 0.08181419801307246, "f1-measure": 0.06853171189167287}, "mid": {"precision": 0.0755299159817863, "recall": 0.09005711075809758, "f1-measure": 0.0750945830426587}, "high": {"precision": 0.08417997501747852, "recall": 0.09816847356171421, "f1-measure": 0.08184132388680315}}, "rougeL": {"low": {"precision": 0.1630574248680037, "recall": 0.2065926321530865, "f1-measure": 0.17047141252382553}, "mid": {"precision": 0.17527996215060382, "recall": 0.21768859944145486, "f1-measure": 0.1763976784130468}, "high": {"precision": 0.18923669020126044, "recall": 0.22805542524997507, "f1-measure": 0.18302441972130568}}, "rougeLsum": {"low": {"precision": 0.18570694059083134, "recall": 0.23775759338064906, "f1-measure": 0.19393466007733112}, "mid": {"precision": 0.19971036772215775, "recall": 0.2524283128733463, "f1-measure": 0.20381570243848846}, "high": {"precision": 0.21456374623517505, "recall": 0.26725265328735104, "f1-measure": 0.21298365655396073}}}