{"rouge1": {"low": {"precision": 0.35080143539806685, "recall": 0.4275492970159938, "f1-measure": 0.3719215445742979}, "mid": {"precision": 0.3647405669668579, "recall": 0.4377689714535907, "f1-measure": 0.37912125243882644}, "high": {"precision": 0.377540125142169, "recall": 0.44828045841099606, "f1-measure": 0.38637034827958583}}, "rouge2": {"low": {"precision": 0.0839284300105869, "recall": 0.1141310510643608, "f1-measure": 0.09118926012572595}, "mid": {"precision": 0.08833118758820521, "recall": 0.11969109864571573, "f1-measure": 0.09463996240178937}, "high": {"precision": 0.09255805297691715, "recall": 0.12527412888611164, "f1-measure": 0.09798637813201197}}, "rougeL": {"low": {"precision": 0.17480384277534533, "recall": 0.23369467360903595, "f1-measure": 0.1919341350157216}, "mid": {"precision": 0.18048342955342875, "recall": 0.24075858262068545, "f1-measure": 0.19524943094336178}, "high": {"precision": 0.18687575909461962, "recall": 0.24843188425957635, "f1-measure": 0.19863134373000496}}, "rougeLsum": {"low": {"precision": 0.22818749392937082, "recall": 0.2822127950258577, "f1-measure": 0.23947615616903084}, "mid": {"precision": 0.2396366433709567, "recall": 0.290574507653751, "f1-measure": 0.24627212829347117}, "high": {"precision": 0.25187504499263863, "recall": 0.29821222549499155, "f1-measure": 0.25351503310946466}}}