{"rouge1": {"low": {"precision": 0.42596034364420354, "recall": 0.30521388679385636, "f1-measure": 0.34275349631125196}, "mid": {"precision": 0.43683143241572076, "recall": 0.31776412646451035, "f1-measure": 0.3527288343042214}, "high": {"precision": 0.44860886263050215, "recall": 0.3303152919291857, "f1-measure": 0.3618811305016912}}, "rouge2": {"low": {"precision": 0.0990650053885239, "recall": 0.06756250655049277, "f1-measure": 0.0761036135457889}, "mid": {"precision": 0.10564561193409043, "recall": 0.07284035069050171, "f1-measure": 0.08133713133126941}, "high": {"precision": 0.11154063772998854, "recall": 0.0786429078983594, "f1-measure": 0.08654340259355213}}, "rougeL": {"low": {"precision": 0.23160795908209172, "recall": 0.1707875916587984, "f1-measure": 0.18791911767257174}, "mid": {"precision": 0.23848557440601134, "recall": 0.1794127050548135, "f1-measure": 0.19436902209696497}, "high": {"precision": 0.24628991547927417, "recall": 0.18706561534608093, "f1-measure": 0.19980489556507552}}, "rougeLsum": {"low": {"precision": 0.28386422618084084, "recall": 0.19581255808004114, "f1-measure": 0.22172996567899989}, "mid": {"precision": 0.29428014098972133, "recall": 0.20424994402332075, "f1-measure": 0.22786945278672588}, "high": {"precision": 0.30419657716310394, "recall": 0.21262920292680973, "f1-measure": 0.23422484752976006}}}