{"rouge1": {"low": {"precision": 0.3597054015878246, "recall": 0.37901834219974057, "f1-measure": 0.35842085861802286}, "mid": {"precision": 0.3697114274015304, "recall": 0.39046036062139, "f1-measure": 0.36525148933625223}, "high": {"precision": 0.3805278753464576, "recall": 0.40233297051181777, "f1-measure": 0.372055969655109}}, "rouge2": {"low": {"precision": 0.06858011473614187, "recall": 0.08303781260379117, "f1-measure": 0.07174029528267246}, "mid": {"precision": 0.07211142318456801, "recall": 0.08816759815414313, "f1-measure": 0.07515997428726331}, "high": {"precision": 0.0760169411312851, "recall": 0.09399286953690675, "f1-measure": 0.07918806170400085}}, "rougeL": {"low": {"precision": 0.1763263320887376, "recall": 0.20486661473323087, "f1-measure": 0.18325565229976323}, "mid": {"precision": 0.18119274206328695, "recall": 0.2128120317785762, "f1-measure": 0.18665297521572988}, "high": {"precision": 0.1856091170250784, "recall": 0.22113895328240468, "f1-measure": 0.18998352518737466}}, "rougeLsum": {"low": {"precision": 0.2442352117806312, "recall": 0.25904748605872147, "f1-measure": 0.24166631157031895}, "mid": {"precision": 0.2538155949560843, "recall": 0.26710222029339264, "f1-measure": 0.24633718005181734}, "high": {"precision": 0.26394160082242896, "recall": 0.27564053166803576, "f1-measure": 0.2517165629339385}}}