{"rouge1": {"low": {"precision": 0.2841824495341284, "recall": 0.4591440284792233, "f1-measure": 0.33922847459113226}, "mid": {"precision": 0.30117901837103433, "recall": 0.47341623212217965, "f1-measure": 0.35337175650391084}, "high": {"precision": 0.3196902031939292, "recall": 0.48770944473009054, "f1-measure": 0.367225875249978}}, "rouge2": {"low": {"precision": 0.057989061310098594, "recall": 0.09327686609617779, "f1-measure": 0.06919549349328583}, "mid": {"precision": 0.06403513411471717, "recall": 0.10089851140443681, "f1-measure": 0.07519519687509893}, "high": {"precision": 0.07052628151087059, "recall": 0.10858066491597158, "f1-measure": 0.08148039802688677}}, "rougeL": {"low": {"precision": 0.13597387632841063, "recall": 0.22274944319460663, "f1-measure": 0.16465796418764084}, "mid": {"precision": 0.14359148610450512, "recall": 0.23150969528030885, "f1-measure": 0.16973244038355395}, "high": {"precision": 0.15072874441794937, "recall": 0.24120767379846753, "f1-measure": 0.17470167630068761}}, "rougeLsum": {"low": {"precision": 0.1698955605353355, "recall": 0.27565768143252695, "f1-measure": 0.20338766699453628}, "mid": {"precision": 0.17971121654614752, "recall": 0.28667534829951596, "f1-measure": 0.21145471802500837}, "high": {"precision": 0.1893704405071839, "recall": 0.2982427784657139, "f1-measure": 0.21966099380759596}}}