{"rouge1": {"low": {"precision": 0.27454805867309484, "recall": 0.4058269546411127, "f1-measure": 0.3188179138750636}, "mid": {"precision": 0.290905022036943, "recall": 0.4187235390739133, "f1-measure": 0.3301648615255559}, "high": {"precision": 0.3072391206449814, "recall": 0.4326234779814333, "f1-measure": 0.34174752340219167}}, "rouge2": {"low": {"precision": 0.04656035266048398, "recall": 0.06807022931679038, "f1-measure": 0.053476460019821544}, "mid": {"precision": 0.050857882458944036, "recall": 0.07385768255991078, "f1-measure": 0.057767291987971446}, "high": {"precision": 0.055808146323008886, "recall": 0.08000754981865742, "f1-measure": 0.06267157303387319}}, "rougeL": {"low": {"precision": 0.1353906635123274, "recall": 0.20147254843191803, "f1-measure": 0.15815723966772502}, "mid": {"precision": 0.14200453155800674, "recall": 0.2099982987360342, "f1-measure": 0.16255709703351354}, "high": {"precision": 0.14870103153698183, "recall": 0.2190183352985119, "f1-measure": 0.16673175231165302}}, "rougeLsum": {"low": {"precision": 0.15787337328978693, "recall": 0.23481184655977844, "f1-measure": 0.18387703906903952}, "mid": {"precision": 0.16891821498943563, "recall": 0.24446371454188914, "f1-measure": 0.19168109218896734}, "high": {"precision": 0.17957891405018414, "recall": 0.2535452401198765, "f1-measure": 0.1988789973491467}}}