{"rouge1": {"low": {"precision": 0.43041518217351876, "recall": 0.3193671053616691, "f1-measure": 0.35001607404933827}, "mid": {"precision": 0.44230566222830925, "recall": 0.33130464735430065, "f1-measure": 0.35773638665395835}, "high": {"precision": 0.45454624597957094, "recall": 0.3439554614661752, "f1-measure": 0.3655552205525067}}, "rouge2": {"low": {"precision": 0.10396707711578276, "recall": 0.0752109702272895, "f1-measure": 0.08138521726801233}, "mid": {"precision": 0.10996835495828969, "recall": 0.08003881986313457, "f1-measure": 0.08532875063486117}, "high": {"precision": 0.11662318383537819, "recall": 0.08530795388160398, "f1-measure": 0.08973573596597816}}, "rougeL": {"low": {"precision": 0.23334347236926203, "recall": 0.176269365296736, "f1-measure": 0.19061830586487025}, "mid": {"precision": 0.24145954041987167, "recall": 0.1832573682497719, "f1-measure": 0.19473966958896777}, "high": {"precision": 0.2505426958612854, "recall": 0.18988907618923406, "f1-measure": 0.19909007057931125}}, "rougeLsum": {"low": {"precision": 0.2902285823767261, "recall": 0.20394598193135838, "f1-measure": 0.22681793078201076}, "mid": {"precision": 0.30183545706321, "recall": 0.21279006582382842, "f1-measure": 0.23262198034034448}, "high": {"precision": 0.3128587625244643, "recall": 0.22104492134245826, "f1-measure": 0.23864296018711426}}}