{"rouge1": {"low": {"precision": 0.40287724038008255, "recall": 0.3651297009774786, "f1-measure": 0.37190194704056334}, "mid": {"precision": 0.42113806784950925, "recall": 0.3793567682818781, "f1-measure": 0.3822838093713641}, "high": {"precision": 0.4397052870871685, "recall": 0.3947251977204101, "f1-measure": 0.39344745062750663}}, "rouge2": {"low": {"precision": 0.09444462663562486, "recall": 0.08428396205448861, "f1-measure": 0.08582407428074021}, "mid": {"precision": 0.10375094835020615, "recall": 0.09155376740215954, "f1-measure": 0.09297668602979989}, "high": {"precision": 0.11335530340380871, "recall": 0.09910388390587445, "f1-measure": 0.10011031463175066}}, "rougeL": {"low": {"precision": 0.20524723379017826, "recall": 0.18514753303535086, "f1-measure": 0.18932455297418593}, "mid": {"precision": 0.21494787768769386, "recall": 0.19493753273813405, "f1-measure": 0.19493107836330809}, "high": {"precision": 0.2262922688437537, "recall": 0.2039359003630898, "f1-measure": 0.20105164418748953}}, "rougeLsum": {"low": {"precision": 0.23645598132241372, "recall": 0.21250447969518738, "f1-measure": 0.21740612809452087}, "mid": {"precision": 0.24960188279109174, "recall": 0.2230410837271365, "f1-measure": 0.22471905943124695}, "high": {"precision": 0.26340307536976026, "recall": 0.23367314511853116, "f1-measure": 0.2319542761464912}}}