{"rouge1": {"low": {"precision": 0.36747163127791116, "recall": 0.4443100604023272, "f1-measure": 0.3919047048059008}, "mid": {"precision": 0.37950079015328536, "recall": 0.4538032518621662, "f1-measure": 0.3970771186768125}, "high": {"precision": 0.3916840422084066, "recall": 0.46324535774316555, "f1-measure": 0.40213607374667826}}, "rouge2": {"low": {"precision": 0.07932615032984486, "recall": 0.10129399869721291, "f1-measure": 0.0848726821371475}, "mid": {"precision": 0.08327068787362767, "recall": 0.10527621255327257, "f1-measure": 0.08769516288254948}, "high": {"precision": 0.08704951067339983, "recall": 0.1093937545513316, "f1-measure": 0.09056464054664419}}, "rougeL": {"low": {"precision": 0.17030921392611842, "recall": 0.2248766713282778, "f1-measure": 0.188259950087936}, "mid": {"precision": 0.17575336167801336, "recall": 0.2314473551468486, "f1-measure": 0.19103702105181916}, "high": {"precision": 0.18116580066454147, "recall": 0.23808402014646785, "f1-measure": 0.1935739455214147}}, "rougeLsum": {"low": {"precision": 0.2443334957215609, "recall": 0.29454826113606714, "f1-measure": 0.25735793078488056}, "mid": {"precision": 0.25525108465926083, "recall": 0.30252970543182756, "f1-measure": 0.2626898276870284}, "high": {"precision": 0.26550706635204746, "recall": 0.31028740133012883, "f1-measure": 0.26791763774920846}}}