{"rouge1": {"low": {"precision": 0.4202143444822466, "recall": 0.3843675096780073, "f1-measure": 0.3900583016382958}, "mid": {"precision": 0.4307999724817569, "recall": 0.39593870416417093, "f1-measure": 0.39724293490183715}, "high": {"precision": 0.44174989940671183, "recall": 0.4069356584910818, "f1-measure": 0.4043460817744241}}, "rouge2": {"low": {"precision": 0.1030075230964646, "recall": 0.09224694630700599, "f1-measure": 0.09285346855367384}, "mid": {"precision": 0.10866955710397994, "recall": 0.09711857256913836, "f1-measure": 0.09702015011420004}, "high": {"precision": 0.11479527688376345, "recall": 0.10192866595515573, "f1-measure": 0.10182774145833118}}, "rougeL": {"low": {"precision": 0.21288570819290137, "recall": 0.20401712667463417, "f1-measure": 0.20062548972104802}, "mid": {"precision": 0.22004125936390972, "recall": 0.21067842871171616, "f1-measure": 0.20470769612401862}, "high": {"precision": 0.2278906310708967, "recall": 0.2177974426935289, "f1-measure": 0.209161954332088}}, "rougeLsum": {"low": {"precision": 0.2931775070183749, "recall": 0.2522003217403871, "f1-measure": 0.2604640146451147}, "mid": {"precision": 0.3038674041477628, "recall": 0.2609746524882476, "f1-measure": 0.2662527857575449}, "high": {"precision": 0.3143179407041439, "recall": 0.2698072913022854, "f1-measure": 0.27216896593475004}}}