{"rouge1": {"low": {"precision": 0.2839522653831137, "recall": 0.4424498459997762, "f1-measure": 0.33133988618404175}, "mid": {"precision": 0.3016024424465231, "recall": 0.4591312178526616, "f1-measure": 0.34473319528681}, "high": {"precision": 0.3202426994225492, "recall": 0.4739833693098849, "f1-measure": 0.35875336701105215}}, "rouge2": {"low": {"precision": 0.05820340614877568, "recall": 0.08858212834124167, "f1-measure": 0.06706465722193129}, "mid": {"precision": 0.06406999542063341, "recall": 0.09583264383952309, "f1-measure": 0.07254473298200265}, "high": {"precision": 0.06968324441360252, "recall": 0.10310310120253244, "f1-measure": 0.07810713918423982}}, "rougeL": {"low": {"precision": 0.1387484014338109, "recall": 0.21797930664407475, "f1-measure": 0.16220955056033023}, "mid": {"precision": 0.14680858504854782, "recall": 0.22774527346843618, "f1-measure": 0.16805480511774556}, "high": {"precision": 0.1552688201138141, "recall": 0.2370029324567764, "f1-measure": 0.17363643575813195}}, "rougeLsum": {"low": {"precision": 0.16731999661096206, "recall": 0.26554253861085925, "f1-measure": 0.19668526917753346}, "mid": {"precision": 0.17905433854963604, "recall": 0.27788653140512753, "f1-measure": 0.2058968004411113}, "high": {"precision": 0.19088080006027608, "recall": 0.2897277111580209, "f1-measure": 0.2146365332392209}}}