{"rouge1": {"low": {"precision": 0.3188583461051878, "recall": 0.489960002961886, "f1-measure": 0.3753995213280178}, "mid": {"precision": 0.3380329284614436, "recall": 0.5030746900918287, "f1-measure": 0.389588031816762}, "high": {"precision": 0.3560911528539568, "recall": 0.5163386411026339, "f1-measure": 0.40311473449787744}}, "rouge2": {"low": {"precision": 0.07274119528410575, "recall": 0.11185593970546026, "f1-measure": 0.08545869124936636}, "mid": {"precision": 0.07892788526218614, "recall": 0.11923120644843588, "f1-measure": 0.09113094159730832}, "high": {"precision": 0.08488486698901423, "recall": 0.12695908045491963, "f1-measure": 0.09650601687400108}}, "rougeL": {"low": {"precision": 0.15158741883498847, "recall": 0.23555824132695521, "f1-measure": 0.17983275918034047}, "mid": {"precision": 0.15841705527046404, "recall": 0.24411763952128473, "f1-measure": 0.1846681339459148}, "high": {"precision": 0.1651757507210092, "recall": 0.25374736729814595, "f1-measure": 0.18937955061720477}}, "rougeLsum": {"low": {"precision": 0.18632070040694657, "recall": 0.2880480707604159, "f1-measure": 0.22005688513814253}, "mid": {"precision": 0.19733472125731658, "recall": 0.29839366296043224, "f1-measure": 0.22814326249954775}, "high": {"precision": 0.20909139272893845, "recall": 0.30957795138560934, "f1-measure": 0.2368536339419949}}}