{"rouge1": {"low": {"precision": 0.3356360223894633, "recall": 0.355968683267792, "f1-measure": 0.3371482543158344}, "mid": {"precision": 0.3454796745343005, "recall": 0.3679167252898108, "f1-measure": 0.34481308237371994}, "high": {"precision": 0.3552257220977642, "recall": 0.3793007716940441, "f1-measure": 0.35280409609887836}}, "rouge2": {"low": {"precision": 0.06581039782435985, "recall": 0.07587525300154253, "f1-measure": 0.0676583113103028}, "mid": {"precision": 0.06967335975563235, "recall": 0.08118652089482498, "f1-measure": 0.07151087424828667}, "high": {"precision": 0.07346193663879726, "recall": 0.0865837421772212, "f1-measure": 0.07526958166906748}}, "rougeL": {"low": {"precision": 0.17334249595414888, "recall": 0.19833660505297046, "f1-measure": 0.17972359033030205}, "mid": {"precision": 0.17843049924752855, "recall": 0.20526333317043105, "f1-measure": 0.18356125256305106}, "high": {"precision": 0.18366042475632438, "recall": 0.2126904409686876, "f1-measure": 0.18793465202609272}}, "rougeLsum": {"low": {"precision": 0.23188637213034602, "recall": 0.24207987604209436, "f1-measure": 0.22899525773380663}, "mid": {"precision": 0.24005124746467854, "recall": 0.25003566871874083, "f1-measure": 0.23380503073320602}, "high": {"precision": 0.24836607236427047, "recall": 0.25777380964125224, "f1-measure": 0.2390194543473566}}}