{"rouge1": {"low": {"precision": 0.19175880252053357, "recall": 0.5128850717268332, "f1-measure": 0.26820116709126357}, "mid": {"precision": 0.2061357034583588, "recall": 0.5269966964972677, "f1-measure": 0.2822571390754378}, "high": {"precision": 0.22204198233232106, "recall": 0.5419452263005009, "f1-measure": 0.2966138515371395}}, "rouge2": {"low": {"precision": 0.04421429410811418, "recall": 0.11716921713002054, "f1-measure": 0.06176893422881027}, "mid": {"precision": 0.04941413386894401, "recall": 0.12530401104611943, "f1-measure": 0.06710129459450279}, "high": {"precision": 0.054655411246257495, "recall": 0.1341056858423936, "f1-measure": 0.07252820876631952}}, "rougeL": {"low": {"precision": 0.10344406865584338, "recall": 0.28306890752969854, "f1-measure": 0.14601381458407173}, "mid": {"precision": 0.11065639857447954, "recall": 0.2932477595954138, "f1-measure": 0.15269142727208557}, "high": {"precision": 0.11772676474465175, "recall": 0.30423648699370026, "f1-measure": 0.15905737982044107}}, "rougeLsum": {"low": {"precision": 0.11585503860113977, "recall": 0.31368486918303606, "f1-measure": 0.1626665549882947}, "mid": {"precision": 0.12609767601296706, "recall": 0.3251333650954213, "f1-measure": 0.17256005235597205}, "high": {"precision": 0.13690909392055814, "recall": 0.3387493512550273, "f1-measure": 0.1831072831706873}}}