{"rouge1": {"low": {"precision": 0.2679088005052144, "recall": 0.4447935789632805, "f1-measure": 0.3120174850531609}, "mid": {"precision": 0.2911008451230097, "recall": 0.4628505027291816, "f1-measure": 0.3277107794300759}, "high": {"precision": 0.31390730226220037, "recall": 0.4787984840304767, "f1-measure": 0.3408695630358321}}, "rouge2": {"low": {"precision": 0.05831524382994519, "recall": 0.09427290949101269, "f1-measure": 0.06679042878761988}, "mid": {"precision": 0.06586807646568343, "recall": 0.10196270614534464, "f1-measure": 0.07309788037344428}, "high": {"precision": 0.07352603532370733, "recall": 0.11033312458496243, "f1-measure": 0.07891257281945571}}, "rougeL": {"low": {"precision": 0.1379845100818008, "recall": 0.2332122419447723, "f1-measure": 0.1622376177929588}, "mid": {"precision": 0.14825592010496835, "recall": 0.24389431485108104, "f1-measure": 0.16810467314779523}, "high": {"precision": 0.15910278031374048, "recall": 0.25537399322666077, "f1-measure": 0.17429439658542356}}, "rougeLsum": {"low": {"precision": 0.16273747911854808, "recall": 0.27801395459434436, "f1-measure": 0.1926170689771252}, "mid": {"precision": 0.1754163747520197, "recall": 0.29255058859083516, "f1-measure": 0.20077207690339474}, "high": {"precision": 0.18913578816921015, "recall": 0.30718806357578304, "f1-measure": 0.20950817879718142}}}