{"rouge1": {"low": {"precision": 0.3011110922407278, "recall": 0.47425381224080154, "f1-measure": 0.3586269950441083}, "mid": {"precision": 0.31806874950850617, "recall": 0.4883319554708273, "f1-measure": 0.3714717756788841}, "high": {"precision": 0.3341986760936627, "recall": 0.5036653987448937, "f1-measure": 0.38453781745623794}}, "rouge2": {"low": {"precision": 0.056526273528394844, "recall": 0.08763572536089588, "f1-measure": 0.06664139888244301}, "mid": {"precision": 0.061574970592365164, "recall": 0.09398559645529415, "f1-measure": 0.07176119721506524}, "high": {"precision": 0.06695662191258972, "recall": 0.10022435784898942, "f1-measure": 0.07695685792776474}}, "rougeL": {"low": {"precision": 0.13781462408612144, "recall": 0.2195250964062546, "f1-measure": 0.16564737891286715}, "mid": {"precision": 0.1453110431863692, "recall": 0.22871762816763347, "f1-measure": 0.17086466612484125}, "high": {"precision": 0.15234813724085136, "recall": 0.23763120190739676, "f1-measure": 0.1760055439136583}}, "rougeLsum": {"low": {"precision": 0.16670931846299128, "recall": 0.2622414010704147, "f1-measure": 0.19847050254829166}, "mid": {"precision": 0.17689660805639845, "recall": 0.2722107517995628, "f1-measure": 0.20623633362141086}, "high": {"precision": 0.1885162221899384, "recall": 0.2815419132821177, "f1-measure": 0.21448694524339332}}}