{"rouge1": {"low": {"precision": 0.3914009432452149, "recall": 0.3615267089774765, "f1-measure": 0.3650466912994675}, "mid": {"precision": 0.4126595431909965, "recall": 0.3765416389078279, "f1-measure": 0.37797451166812246}, "high": {"precision": 0.43238982907106815, "recall": 0.3906089074712804, "f1-measure": 0.3907830325950698}}, "rouge2": {"low": {"precision": 0.08717215868714843, "recall": 0.07841643004450582, "f1-measure": 0.0797674807555983}, "mid": {"precision": 0.09644993314637215, "recall": 0.08467619848192734, "f1-measure": 0.08684463813633969}, "high": {"precision": 0.1064864184204851, "recall": 0.09169662014634569, "f1-measure": 0.09438004195047403}}, "rougeL": {"low": {"precision": 0.19575943444057545, "recall": 0.18374341108408945, "f1-measure": 0.18408294072390954}, "mid": {"precision": 0.2070142253790841, "recall": 0.19115774758416149, "f1-measure": 0.19039505655347003}, "high": {"precision": 0.21721110110703334, "recall": 0.2000538203025491, "f1-measure": 0.19644010011038435}}, "rougeLsum": {"low": {"precision": 0.22825656054702245, "recall": 0.21308906717065412, "f1-measure": 0.2140850072429264}, "mid": {"precision": 0.2432241304749953, "recall": 0.22257389995798438, "f1-measure": 0.22252969912342457}, "high": {"precision": 0.25792617163131365, "recall": 0.23204602373950228, "f1-measure": 0.23121200226293587}}}