{"rouge1": {"low": {"precision": 0.3023247482052506, "recall": 0.4688695601204357, "f1-measure": 0.35713221006807605}, "mid": {"precision": 0.3203059174505566, "recall": 0.48144632583424085, "f1-measure": 0.3713107518344456}, "high": {"precision": 0.3380576547551716, "recall": 0.4947527109872243, "f1-measure": 0.38485345965188045}}, "rouge2": {"low": {"precision": 0.06396751535866786, "recall": 0.09688800177560036, "f1-measure": 0.07474852967560092}, "mid": {"precision": 0.07027096350145243, "recall": 0.10502128386670871, "f1-measure": 0.08099870441956993}, "high": {"precision": 0.07682732314931204, "recall": 0.11294852906201916, "f1-measure": 0.08720293315274329}}, "rougeL": {"low": {"precision": 0.14452276973699113, "recall": 0.22800157007505634, "f1-measure": 0.17273431162745898}, "mid": {"precision": 0.15159381421873808, "recall": 0.23712608153623632, "f1-measure": 0.17768791573093418}, "high": {"precision": 0.158681734276448, "recall": 0.2469446065874221, "f1-measure": 0.1828321293114523}}, "rougeLsum": {"low": {"precision": 0.17680826790159437, "recall": 0.27545237925384836, "f1-measure": 0.20971271460056629}, "mid": {"precision": 0.18739181572842872, "recall": 0.28606967365376407, "f1-measure": 0.21764303202247304}, "high": {"precision": 0.19909845558849854, "recall": 0.2978830773784825, "f1-measure": 0.22671714578444607}}}