{"rouge1": {"low": {"precision": 0.42907199873966695, "recall": 0.3162038688129869, "f1-measure": 0.34674670462177615}, "mid": {"precision": 0.4416117783367476, "recall": 0.3277650473700253, "f1-measure": 0.355029473283829}, "high": {"precision": 0.45476981103460284, "recall": 0.3399568298356355, "f1-measure": 0.3635488407036731}}, "rouge2": {"low": {"precision": 0.10385316992526618, "recall": 0.07287207382890011, "f1-measure": 0.07964289524538054}, "mid": {"precision": 0.11100182538163963, "recall": 0.0770290038716202, "f1-measure": 0.08307135302274454}, "high": {"precision": 0.12154300420630898, "recall": 0.08184283534733819, "f1-measure": 0.08712172337790532}}, "rougeL": {"low": {"precision": 0.23660122335562936, "recall": 0.177224170644202, "f1-measure": 0.19118700188904922}, "mid": {"precision": 0.2459475456884922, "recall": 0.1848890490488052, "f1-measure": 0.19578624040947912}, "high": {"precision": 0.25590864892130905, "recall": 0.19228099688253822, "f1-measure": 0.20029921523382802}}, "rougeLsum": {"low": {"precision": 0.28938103285459443, "recall": 0.20107022727438145, "f1-measure": 0.22444078189789235}, "mid": {"precision": 0.30169179138872143, "recall": 0.20974768253884118, "f1-measure": 0.2300076380339438}, "high": {"precision": 0.31387077736518854, "recall": 0.21837741145984219, "f1-measure": 0.23523328025682472}}}