{"rouge1": {"low": {"precision": 0.43528554601265623, "recall": 0.3245125626926032, "f1-measure": 0.35531342653791004}, "mid": {"precision": 0.4479322314424213, "recall": 0.33556166977959906, "f1-measure": 0.36266105495037837}, "high": {"precision": 0.4609857562950064, "recall": 0.3478988934442474, "f1-measure": 0.37084365548681514}}, "rouge2": {"low": {"precision": 0.10426410380039135, "recall": 0.07595719077893397, "f1-measure": 0.08196334842995555}, "mid": {"precision": 0.11016578092355157, "recall": 0.0806557911416234, "f1-measure": 0.08581908175413844}, "high": {"precision": 0.11676647062852771, "recall": 0.08522838633578961, "f1-measure": 0.08969556826347733}}, "rougeL": {"low": {"precision": 0.23174731123744416, "recall": 0.1803440253799643, "f1-measure": 0.19184843752827915}, "mid": {"precision": 0.24106287615488686, "recall": 0.18729840673607098, "f1-measure": 0.19598706669180932}, "high": {"precision": 0.2504555087737319, "recall": 0.19467458114090944, "f1-measure": 0.20011826131570246}}, "rougeLsum": {"low": {"precision": 0.28931706471309077, "recall": 0.20953141842697687, "f1-measure": 0.22938962276966515}, "mid": {"precision": 0.30155829264805145, "recall": 0.21754400045470207, "f1-measure": 0.2347870568748754}, "high": {"precision": 0.31340417937265963, "recall": 0.2269266233302741, "f1-measure": 0.24040626749172725}}}