{"rouge1": {"low": {"precision": 0.36623661866899176, "recall": 0.3962199854891179, "f1-measure": 0.3711452559554262}, "mid": {"precision": 0.37697796518146653, "recall": 0.40665972215349466, "f1-measure": 0.37704496005474347}, "high": {"precision": 0.38690847688193963, "recall": 0.41699035988879285, "f1-measure": 0.38310646556846156}}, "rouge2": {"low": {"precision": 0.07853863896382718, "recall": 0.09319400799465956, "f1-measure": 0.08129362169750123}, "mid": {"precision": 0.08270274167256064, "recall": 0.09859441934887142, "f1-measure": 0.08505711017105219}, "high": {"precision": 0.0866664582462284, "recall": 0.10371824439788685, "f1-measure": 0.088678332795596}}, "rougeL": {"low": {"precision": 0.18366684676578965, "recall": 0.21256935376302266, "f1-measure": 0.19081540078015397}, "mid": {"precision": 0.1884743900394677, "recall": 0.2193746450785385, "f1-measure": 0.19417398683122833}, "high": {"precision": 0.19364238332824416, "recall": 0.22615897011911057, "f1-measure": 0.19752193332857565}}, "rougeLsum": {"low": {"precision": 0.2552547470546501, "recall": 0.26899713447681617, "f1-measure": 0.2517250982163037}, "mid": {"precision": 0.2654240588457334, "recall": 0.27641282749804147, "f1-measure": 0.25678362408410116}, "high": {"precision": 0.2760247512710596, "recall": 0.28376225865969473, "f1-measure": 0.26186701776788}}}