{"rouge1": {"low": {"precision": 0.3437406476402713, "recall": 0.3941825621821707, "f1-measure": 0.353669096107025}, "mid": {"precision": 0.3560655106316807, "recall": 0.4038755096079383, "f1-measure": 0.36043928673168346}, "high": {"precision": 0.3690915037191577, "recall": 0.4137648981101147, "f1-measure": 0.36767029659392336}}, "rouge2": {"low": {"precision": 0.07263175380518926, "recall": 0.09489381050478032, "f1-measure": 0.07754721769684832}, "mid": {"precision": 0.07686347345826583, "recall": 0.10059360447089721, "f1-measure": 0.08098207689771256}, "high": {"precision": 0.0817010017449418, "recall": 0.10584893745595794, "f1-measure": 0.08446574644313666}}, "rougeL": {"low": {"precision": 0.17539857089717098, "recall": 0.21900278749267113, "f1-measure": 0.18704841819781468}, "mid": {"precision": 0.18131219827741862, "recall": 0.22610177190973785, "f1-measure": 0.19015262672010558}, "high": {"precision": 0.18711744464891344, "recall": 0.23319493314834172, "f1-measure": 0.1933244403865898}}, "rougeLsum": {"low": {"precision": 0.230994553537768, "recall": 0.26917084454559087, "f1-measure": 0.23515790817168028}, "mid": {"precision": 0.24140312692994165, "recall": 0.2772610490247985, "f1-measure": 0.24095531110782636}, "high": {"precision": 0.25214224169127153, "recall": 0.28520606497660805, "f1-measure": 0.246533215159737}}}