{"rouge1": {"low": {"precision": 0.331111331626963, "recall": 0.341224661365845, "f1-measure": 0.3248236263450438}, "mid": {"precision": 0.34176016671691367, "recall": 0.35260275918302986, "f1-measure": 0.33148486853979076}, "high": {"precision": 0.352882079403895, "recall": 0.3628391540849969, "f1-measure": 0.33906327025382643}}, "rouge2": {"low": {"precision": 0.06300091651297422, "recall": 0.06812485492937116, "f1-measure": 0.06149909691613614}, "mid": {"precision": 0.06705082448749622, "recall": 0.07344890390171827, "f1-measure": 0.06507558505198155}, "high": {"precision": 0.07125459288609136, "recall": 0.07807843493389209, "f1-measure": 0.06858529809764553}}, "rougeL": {"low": {"precision": 0.17371240781395095, "recall": 0.19043044635230255, "f1-measure": 0.17411956860848082}, "mid": {"precision": 0.1798419191565635, "recall": 0.1972030183278966, "f1-measure": 0.17804357965440745}, "high": {"precision": 0.18562028245769788, "recall": 0.20439316748125025, "f1-measure": 0.1818423576015369}}, "rougeLsum": {"low": {"precision": 0.22865314546982105, "recall": 0.23027831504886942, "f1-measure": 0.21748929853674584}, "mid": {"precision": 0.23801933593864247, "recall": 0.2381474655523355, "f1-measure": 0.22272222736494823}, "high": {"precision": 0.24818108943001158, "recall": 0.2466007148686306, "f1-measure": 0.2278481339287871}}}