{"rouge1": {"low": {"precision": 0.39812868846386834, "recall": 0.4409361273746216, "f1-measure": 0.4088956691167172}, "mid": {"precision": 0.4100885178379833, "recall": 0.4504643472843545, "f1-measure": 0.41433847274058366}, "high": {"precision": 0.42221787169954395, "recall": 0.45956986787550874, "f1-measure": 0.4195383546205345}}, "rouge2": {"low": {"precision": 0.09542184125044487, "recall": 0.11592863655314864, "f1-measure": 0.10001756638602642}, "mid": {"precision": 0.10008184128939174, "recall": 0.12112073517378028, "f1-measure": 0.10348699841460397}, "high": {"precision": 0.10459122033850074, "recall": 0.12662076747575, "f1-measure": 0.10699335814161355}}, "rougeL": {"low": {"precision": 0.19193284025092566, "recall": 0.23318341585422298, "f1-measure": 0.20430652526624}, "mid": {"precision": 0.19751574998302224, "recall": 0.24060171596836266, "f1-measure": 0.20722205335994848}, "high": {"precision": 0.20329296246663903, "recall": 0.24901208135140837, "f1-measure": 0.2105940974919712}}, "rougeLsum": {"low": {"precision": 0.2703043533796375, "recall": 0.2970707233197032, "f1-measure": 0.272097345382239}, "mid": {"precision": 0.2817679680330494, "recall": 0.3052483991314118, "f1-measure": 0.27730324218541014}, "high": {"precision": 0.29221590720224055, "recall": 0.31340766539135906, "f1-measure": 0.28204244730757544}}}