{"rouge1": {"low": {"precision": 0.3574883311060264, "recall": 0.36061870558206516, "f1-measure": 0.3476491983708852}, "mid": {"precision": 0.3685529553963611, "recall": 0.37201516262512074, "f1-measure": 0.3540422363492701}, "high": {"precision": 0.3789874621683939, "recall": 0.38358158156623284, "f1-measure": 0.3602987596349733}}, "rouge2": {"low": {"precision": 0.07219231605220805, "recall": 0.07788364487613557, "f1-measure": 0.07071560508187576}, "mid": {"precision": 0.07593635152199513, "recall": 0.08311375319638907, "f1-measure": 0.07415012954202337}, "high": {"precision": 0.07959933572625591, "recall": 0.08828365654579973, "f1-measure": 0.0775212349642041}}, "rougeL": {"low": {"precision": 0.18242713688107348, "recall": 0.197388725091344, "f1-measure": 0.18263095694152465}, "mid": {"precision": 0.18775910731995848, "recall": 0.20443452477497223, "f1-measure": 0.18596396206334492}, "high": {"precision": 0.19299283234277723, "recall": 0.21183816980300113, "f1-measure": 0.18943886210814478}}, "rougeLsum": {"low": {"precision": 0.24095692842788474, "recall": 0.2387047947572338, "f1-measure": 0.22910773461033798}, "mid": {"precision": 0.25028559655341065, "recall": 0.24717291925827084, "f1-measure": 0.23420311814731076}, "high": {"precision": 0.26045467791807747, "recall": 0.2563770531841608, "f1-measure": 0.23937769898097652}}}