{"rouge1": {"low": {"precision": 0.3318100968860228, "recall": 0.3881682944939096, "f1-measure": 0.34364470270905095}, "mid": {"precision": 0.3527842982681577, "recall": 0.4022531735355359, "f1-measure": 0.35605080812671963}, "high": {"precision": 0.37290391135629014, "recall": 0.41830455757951623, "f1-measure": 0.3682575173161171}}, "rouge2": {"low": {"precision": 0.07370683371581864, "recall": 0.08382103178622315, "f1-measure": 0.07460830739539684}, "mid": {"precision": 0.08073929708511386, "recall": 0.09157015905652607, "f1-measure": 0.08081522345603573}, "high": {"precision": 0.08858111299571103, "recall": 0.09890955731765366, "f1-measure": 0.08704554407824862}}, "rougeL": {"low": {"precision": 0.17055996126262876, "recall": 0.20017492313486113, "f1-measure": 0.17729881758793217}, "mid": {"precision": 0.1800804979285592, "recall": 0.20942952374742607, "f1-measure": 0.1828023186132549}, "high": {"precision": 0.19011523613666542, "recall": 0.21995236771169538, "f1-measure": 0.18827192227397838}}, "rougeLsum": {"low": {"precision": 0.19434175488365207, "recall": 0.22907747162926648, "f1-measure": 0.20233815295833407}, "mid": {"precision": 0.20743181234948677, "recall": 0.24240662621418957, "f1-measure": 0.21092015114816343}, "high": {"precision": 0.2195016452215751, "recall": 0.25470052935256376, "f1-measure": 0.2198466683947678}}}