{"rouge1": {"low": {"precision": 0.3851457350408598, "recall": 0.41198070296147554, "f1-measure": 0.388332085651616}, "mid": {"precision": 0.3964586828612569, "recall": 0.4233344223714816, "f1-measure": 0.3952756691705409}, "high": {"precision": 0.4077549548203215, "recall": 0.43520788765488333, "f1-measure": 0.40191540163798994}}, "rouge2": {"low": {"precision": 0.07977741826120618, "recall": 0.09240059190756109, "f1-measure": 0.0818389072882857}, "mid": {"precision": 0.08403141265429626, "recall": 0.09789306770130327, "f1-measure": 0.08539305029241138}, "high": {"precision": 0.08839628608728368, "recall": 0.10311077423480951, "f1-measure": 0.08911427961908792}}, "rougeL": {"low": {"precision": 0.1846369846667399, "recall": 0.21132464494298697, "f1-measure": 0.18995680279033775}, "mid": {"precision": 0.19005183692477373, "recall": 0.21836481769085736, "f1-measure": 0.19359898730264052}, "high": {"precision": 0.19621979783732962, "recall": 0.22576364042841277, "f1-measure": 0.1971572047041992}}, "rougeLsum": {"low": {"precision": 0.2627797969898564, "recall": 0.2704668783244959, "f1-measure": 0.25595237253024117}, "mid": {"precision": 0.27276340545195454, "recall": 0.27821692515836977, "f1-measure": 0.26138784655730474}, "high": {"precision": 0.2831448462060031, "recall": 0.2865434577510574, "f1-measure": 0.26766195055728786}}}