{"rouge1": {"low": {"precision": 0.4033573665900783, "recall": 0.32868866955158244, "f1-measure": 0.35222431959228756}, "mid": {"precision": 0.42228784847731315, "recall": 0.34224272731431826, "f1-measure": 0.3643825217131561}, "high": {"precision": 0.44108537745399673, "recall": 0.3560856009533398, "f1-measure": 0.37597210359970196}}, "rouge2": {"low": {"precision": 0.08704514279158747, "recall": 0.06866593229486673, "f1-measure": 0.07439690997272898}, "mid": {"precision": 0.0947851270021347, "recall": 0.0750572271963395, "f1-measure": 0.08044024779619618}, "high": {"precision": 0.10274173869297687, "recall": 0.0811026322640435, "f1-measure": 0.08634645612342831}}, "rougeL": {"low": {"precision": 0.20246797434576044, "recall": 0.16512270453257102, "f1-measure": 0.17708743482959025}, "mid": {"precision": 0.21282632971630955, "recall": 0.17183332757785102, "f1-measure": 0.18253621165284317}, "high": {"precision": 0.22347322488585158, "recall": 0.178937211289066, "f1-measure": 0.18804030756954213}}, "rougeLsum": {"low": {"precision": 0.23151821680970655, "recall": 0.18786731654409525, "f1-measure": 0.20144803406031553}, "mid": {"precision": 0.24505783843893947, "recall": 0.19608348189790242, "f1-measure": 0.20917421643623246}, "high": {"precision": 0.2597142889985037, "recall": 0.20513131193811893, "f1-measure": 0.2170502347149593}}}