{"rouge1": {"low": {"precision": 0.3380366879444193, "recall": 0.4060645845835708, "f1-measure": 0.3448289431632681}, "mid": {"precision": 0.36308337428843807, "recall": 0.42441690854626213, "f1-measure": 0.35915602108151656}, "high": {"precision": 0.388835093421163, "recall": 0.44346877268052026, "f1-measure": 0.3728586516431837}}, "rouge2": {"low": {"precision": 0.08022370949668252, "recall": 0.09707633853440807, "f1-measure": 0.08205110263210946}, "mid": {"precision": 0.09018836934571539, "recall": 0.10491862584231171, "f1-measure": 0.08834008862129585}, "high": {"precision": 0.10253645563499375, "recall": 0.1133163749307716, "f1-measure": 0.09517022324614083}}, "rougeL": {"low": {"precision": 0.17735516791850411, "recall": 0.21423784639969987, "f1-measure": 0.1812343888117099}, "mid": {"precision": 0.19117896632093898, "recall": 0.22542959590417394, "f1-measure": 0.1881216002529363}, "high": {"precision": 0.2067771038921609, "recall": 0.23562526899681316, "f1-measure": 0.19377120890076696}}, "rougeLsum": {"low": {"precision": 0.19900398806848724, "recall": 0.24177579951399916, "f1-measure": 0.20479704897468617}, "mid": {"precision": 0.21541653753156376, "recall": 0.2563064488750896, "f1-measure": 0.2134233578481985}, "high": {"precision": 0.23423806204892955, "recall": 0.2693603944349962, "f1-measure": 0.22201360742528248}}}