{"rouge1": {"low": {"precision": 0.37961659767239936, "recall": 0.410117053895741, "f1-measure": 0.3838349906557625}, "mid": {"precision": 0.3914159714925033, "recall": 0.4205565753385894, "f1-measure": 0.3902882040661304}, "high": {"precision": 0.40318402812118703, "recall": 0.4323450496661869, "f1-measure": 0.396726349414578}}, "rouge2": {"low": {"precision": 0.08301056947432464, "recall": 0.09565151009968305, "f1-measure": 0.08461859846754301}, "mid": {"precision": 0.08698827631160154, "recall": 0.10100727274461808, "f1-measure": 0.08813610435133182}, "high": {"precision": 0.09114631391872441, "recall": 0.10597295633923505, "f1-measure": 0.09144666928214368}}, "rougeL": {"low": {"precision": 0.18496399905804753, "recall": 0.21877866993731343, "f1-measure": 0.1935630564020405}, "mid": {"precision": 0.18997779133318177, "recall": 0.2265629004560749, "f1-measure": 0.19681543054132541}, "high": {"precision": 0.19534204565220145, "recall": 0.23453113158407263, "f1-measure": 0.19990429469790758}}, "rougeLsum": {"low": {"precision": 0.2569916373189613, "recall": 0.27990419537608147, "f1-measure": 0.257022227896798}, "mid": {"precision": 0.2686446142340095, "recall": 0.2884230557232077, "f1-measure": 0.26237761826710043}, "high": {"precision": 0.27911990071829595, "recall": 0.29594430033242936, "f1-measure": 0.2676551035622888}}}