{"rouge1": {"low": {"precision": 0.29020319266461925, "recall": 0.4402826248672416, "f1-measure": 0.33952705885833245}, "mid": {"precision": 0.30634342741952014, "recall": 0.45236768737230076, "f1-measure": 0.35170352027875285}, "high": {"precision": 0.3224395571616198, "recall": 0.4638709330995993, "f1-measure": 0.3630803913202934}}, "rouge2": {"low": {"precision": 0.0575636331621665, "recall": 0.08567881738226368, "f1-measure": 0.06672646407682707}, "mid": {"precision": 0.06299351357980597, "recall": 0.09255629540766473, "f1-measure": 0.07180503425947314}, "high": {"precision": 0.0689540363720559, "recall": 0.09998024305713998, "f1-measure": 0.0774216310471372}}, "rougeL": {"low": {"precision": 0.14455676204858636, "recall": 0.2228182562289967, "f1-measure": 0.17108646174943465}, "mid": {"precision": 0.1519482245227997, "recall": 0.23214762283261584, "f1-measure": 0.17607004115665104}, "high": {"precision": 0.15857973184145177, "recall": 0.24290282903317276, "f1-measure": 0.18079136902291965}}, "rougeLsum": {"low": {"precision": 0.17334621162451744, "recall": 0.26517996673050015, "f1-measure": 0.20356649995553222}, "mid": {"precision": 0.18447064206580216, "recall": 0.27481432674863193, "f1-measure": 0.21161950138113483}, "high": {"precision": 0.19617349630835693, "recall": 0.28820677256487753, "f1-measure": 0.2200944365793286}}}