{"rouge1": {"low": {"precision": 0.3147127733200774, "recall": 0.46905512121439313, "f1-measure": 0.36597543598086263}, "mid": {"precision": 0.33159466372741914, "recall": 0.480945282617417, "f1-measure": 0.378863529348206}, "high": {"precision": 0.3496451707222877, "recall": 0.492328826594338, "f1-measure": 0.39186705766665136}}, "rouge2": {"low": {"precision": 0.06709930189067591, "recall": 0.09878623482474647, "f1-measure": 0.07758570056662627}, "mid": {"precision": 0.07289203113852202, "recall": 0.10525580797720614, "f1-measure": 0.08309633248937809}, "high": {"precision": 0.07868204583419862, "recall": 0.11238624008717754, "f1-measure": 0.08895538558028912}}, "rougeL": {"low": {"precision": 0.1482674453440425, "recall": 0.22383857727039053, "f1-measure": 0.17428563943617784}, "mid": {"precision": 0.1549299550205735, "recall": 0.23220186980578672, "f1-measure": 0.17893671366487773}, "high": {"precision": 0.16191954467833486, "recall": 0.2418300695903941, "f1-measure": 0.18371718466171783}}, "rougeLsum": {"low": {"precision": 0.1847332536062616, "recall": 0.27664638731813535, "f1-measure": 0.21541959074849515}, "mid": {"precision": 0.1957617307765348, "recall": 0.28542993255262505, "f1-measure": 0.2238505505717363}, "high": {"precision": 0.2076072060025342, "recall": 0.2943821517059072, "f1-measure": 0.23229839451468268}}}