{"rouge1": {"low": {"precision": 0.40159800130265527, "recall": 0.36073878255723524, "f1-measure": 0.3693638088171096}, "mid": {"precision": 0.41346619955786057, "recall": 0.3726586673995571, "f1-measure": 0.3767720672986969}, "high": {"precision": 0.424544216034402, "recall": 0.38403301431352105, "f1-measure": 0.3841424792557654}}, "rouge2": {"low": {"precision": 0.08920453680604748, "recall": 0.08087206541593098, "f1-measure": 0.08057407680634475}, "mid": {"precision": 0.09475964104974043, "recall": 0.08539879586383958, "f1-measure": 0.0845235978103861}, "high": {"precision": 0.10065996613193488, "recall": 0.09045642878297129, "f1-measure": 0.08876568271455898}}, "rougeL": {"low": {"precision": 0.2068687363035404, "recall": 0.19040885420677323, "f1-measure": 0.1917240022028666}, "mid": {"precision": 0.2126928380517179, "recall": 0.19776580870191407, "f1-measure": 0.1961476591001252}, "high": {"precision": 0.21968514994141755, "recall": 0.2048078920714006, "f1-measure": 0.20076885169796566}}, "rougeLsum": {"low": {"precision": 0.2556183792879213, "recall": 0.2256390076296664, "f1-measure": 0.22970130683181444}, "mid": {"precision": 0.2648131169644008, "recall": 0.2334172351600966, "f1-measure": 0.23487141572932335}, "high": {"precision": 0.27512446560070325, "recall": 0.24162788407851563, "f1-measure": 0.24015845944636033}}}