{"rouge1": {"low": {"precision": 0.3613522438767635, "recall": 0.3483893687651515, "f1-measure": 0.34400047347492235}, "mid": {"precision": 0.37135327142342883, "recall": 0.3605464351818818, "f1-measure": 0.3505267179976028}, "high": {"precision": 0.3821321668161691, "recall": 0.37195354903730293, "f1-measure": 0.3572440845400688}}, "rouge2": {"low": {"precision": 0.0723454252794345, "recall": 0.07452765136126596, "f1-measure": 0.06938102360546035}, "mid": {"precision": 0.076280792037926, "recall": 0.07916779850310425, "f1-measure": 0.07270155053328964}, "high": {"precision": 0.08004067186474295, "recall": 0.08396982613990646, "f1-measure": 0.07607590031519786}}, "rougeL": {"low": {"precision": 0.18385571116677407, "recall": 0.19063192474928542, "f1-measure": 0.18021253748017352}, "mid": {"precision": 0.1891473870049154, "recall": 0.1983002560262066, "f1-measure": 0.18391060213266452}, "high": {"precision": 0.19497937371981955, "recall": 0.2053033559383774, "f1-measure": 0.18735053087753908}}, "rougeLsum": {"low": {"precision": 0.24025828013203365, "recall": 0.23134301674160934, "f1-measure": 0.22508189489822747}, "mid": {"precision": 0.24975542617403257, "recall": 0.23896678744205507, "f1-measure": 0.22998110009439982}, "high": {"precision": 0.25899974123793734, "recall": 0.24717840917882908, "f1-measure": 0.23461656327576827}}}