{"rouge1": {"low": {"precision": 0.3655536098429131, "recall": 0.3665195022640959, "f1-measure": 0.3538805885045459}, "mid": {"precision": 0.376660912016064, "recall": 0.3783660653376252, "f1-measure": 0.36080169159753966}, "high": {"precision": 0.3886517324420505, "recall": 0.38868142392508503, "f1-measure": 0.3668243016272693}}, "rouge2": {"low": {"precision": 0.07797658808692373, "recall": 0.08375562993506931, "f1-measure": 0.07617130052655322}, "mid": {"precision": 0.08236785163123386, "recall": 0.08888673360376996, "f1-measure": 0.08024048873039005}, "high": {"precision": 0.0871257375692466, "recall": 0.09413240597065799, "f1-measure": 0.08396794184909342}}, "rougeL": {"low": {"precision": 0.18650470265284405, "recall": 0.19677461229380144, "f1-measure": 0.18422100003886618}, "mid": {"precision": 0.1925750904202945, "recall": 0.20367678585429938, "f1-measure": 0.1875821340862035}, "high": {"precision": 0.1983054678636749, "recall": 0.21150908358085638, "f1-measure": 0.19115540218494206}}, "rougeLsum": {"low": {"precision": 0.24953536891788408, "recall": 0.2395314939024417, "f1-measure": 0.23288517897224134}, "mid": {"precision": 0.2588392859351033, "recall": 0.24764142479001727, "f1-measure": 0.23801942287066813}, "high": {"precision": 0.2687498880188382, "recall": 0.25613340099658455, "f1-measure": 0.24344124332348197}}}