{"rouge1": {"low": {"precision": 0.251861102865683, "recall": 0.5150142850045762, "f1-measure": 0.3311494231987143}, "mid": {"precision": 0.265760605526961, "recall": 0.528717105106727, "f1-measure": 0.3428846366001196}, "high": {"precision": 0.2792464087331494, "recall": 0.5423231104690611, "f1-measure": 0.35447248150011595}}, "rouge2": {"low": {"precision": 0.049226489813770945, "recall": 0.0996344289486731, "f1-measure": 0.06421136136147375}, "mid": {"precision": 0.052985577817949596, "recall": 0.10587420452434806, "f1-measure": 0.06835203684284302}, "high": {"precision": 0.057360110473403454, "recall": 0.1128367918607132, "f1-measure": 0.07305401919800007}}, "rougeL": {"low": {"precision": 0.11830280037007114, "recall": 0.24416387542186907, "f1-measure": 0.156420815407987}, "mid": {"precision": 0.12325888746885225, "recall": 0.25417960585889743, "f1-measure": 0.16050280391856303}, "high": {"precision": 0.12851794888047102, "recall": 0.26470820948739837, "f1-measure": 0.1647059436044881}}, "rougeLsum": {"low": {"precision": 0.14929523769499042, "recall": 0.30659495183221086, "f1-measure": 0.19658165798359234}, "mid": {"precision": 0.15803741656883682, "recall": 0.3179417965587421, "f1-measure": 0.20422630890223986}, "high": {"precision": 0.16797614253807377, "recall": 0.33010333328282926, "f1-measure": 0.212086387996745}}}