{"rouge1": {"low": {"precision": 0.2573488779724842, "recall": 0.45797360764695655, "f1-measure": 0.31046763062346244}, "mid": {"precision": 0.2803164337740732, "recall": 0.4729658387985257, "f1-measure": 0.3266250567625426}, "high": {"precision": 0.3025927431157272, "recall": 0.48755795386051365, "f1-measure": 0.34188927294066757}}, "rouge2": {"low": {"precision": 0.05728502936267713, "recall": 0.09746325595048486, "f1-measure": 0.06785352711574713}, "mid": {"precision": 0.06393716122133852, "recall": 0.10405733070405718, "f1-measure": 0.073410886581985}, "high": {"precision": 0.07079010329714709, "recall": 0.11087726171276617, "f1-measure": 0.0793024904211997}}, "rougeL": {"low": {"precision": 0.13440354500341392, "recall": 0.2427975613764212, "f1-measure": 0.1631732110326822}, "mid": {"precision": 0.14452727945314087, "recall": 0.2535277036254332, "f1-measure": 0.17006001493814699}, "high": {"precision": 0.1553253926531947, "recall": 0.26503219880999834, "f1-measure": 0.17618130699995113}}, "rougeLsum": {"low": {"precision": 0.15746166689562752, "recall": 0.2840444725094313, "f1-measure": 0.19106766530345443}, "mid": {"precision": 0.16918977134226804, "recall": 0.29801260272185165, "f1-measure": 0.2002031072501924}, "high": {"precision": 0.18124873619940612, "recall": 0.3114027834490948, "f1-measure": 0.20979029695682017}}}