{"rouge1": {"low": {"precision": 0.2459209651650156, "recall": 0.5384771374929753, "f1-measure": 0.3296016713840615}, "mid": {"precision": 0.26111853867713464, "recall": 0.5520491757296105, "f1-measure": 0.34370818355973354}, "high": {"precision": 0.2772912462673679, "recall": 0.5645953859097416, "f1-measure": 0.35789666611670223}}, "rouge2": {"low": {"precision": 0.059832279302712725, "recall": 0.13020674870022023, "f1-measure": 0.08013233193326184}, "mid": {"precision": 0.06498608660666588, "recall": 0.1389328830389096, "f1-measure": 0.08576727325223074}, "high": {"precision": 0.07044724328181443, "recall": 0.14808675706804603, "f1-measure": 0.09174816064747256}}, "rougeL": {"low": {"precision": 0.12108710915369775, "recall": 0.2673300854327773, "f1-measure": 0.16316951399587487}, "mid": {"precision": 0.12702158230218386, "recall": 0.2768693384690384, "f1-measure": 0.16859143152164902}, "high": {"precision": 0.13349653124232622, "recall": 0.2864344409366222, "f1-measure": 0.17423545437975463}}, "rougeLsum": {"low": {"precision": 0.15705532526140814, "recall": 0.3443885533950502, "f1-measure": 0.21089453384807716}, "mid": {"precision": 0.1657571604182746, "recall": 0.356265786975678, "f1-measure": 0.21909182254765097}, "high": {"precision": 0.17640363407323736, "recall": 0.3697047100032996, "f1-measure": 0.22839485537130721}}}