{"rouge1": {"low": {"precision": 0.448381258479983, "recall": 0.328845352060057, "f1-measure": 0.3644661678177768}, "mid": {"precision": 0.4610724413140015, "recall": 0.34215482121204754, "f1-measure": 0.3722559621546825}, "high": {"precision": 0.4733356913537215, "recall": 0.3555973661557842, "f1-measure": 0.37986331731439693}}, "rouge2": {"low": {"precision": 0.11102129025864954, "recall": 0.08049643756574436, "f1-measure": 0.08714580696428559}, "mid": {"precision": 0.11760217549474447, "recall": 0.0848280556888053, "f1-measure": 0.09110746371208105}, "high": {"precision": 0.12377004342842214, "recall": 0.08970693462050996, "f1-measure": 0.09465389132066053}}, "rougeL": {"low": {"precision": 0.2383668438656875, "recall": 0.183931305618017, "f1-measure": 0.19699330162249046}, "mid": {"precision": 0.24707681040615664, "recall": 0.19141062324546812, "f1-measure": 0.20114669527466775}, "high": {"precision": 0.25551699036928427, "recall": 0.19854464128966867, "f1-measure": 0.20515697780013648}}, "rougeLsum": {"low": {"precision": 0.29447640877596803, "recall": 0.2113567123159479, "f1-measure": 0.2328903689528133}, "mid": {"precision": 0.3055738722492858, "recall": 0.22067409330786522, "f1-measure": 0.23841494516693446}, "high": {"precision": 0.31715271400782885, "recall": 0.22976557751455326, "f1-measure": 0.2439787915561571}}}